j1_position,ee_position_x,j1_effort,time,j2_effort,j2_position,ee_position_z,ee_position_y,j1_velocity,j2_velocity
1.55170366925495,-0.0006325208495123922,-10.0,1.142,10.0,0.027928722699693154,1.0999954369555571,0.0,-0.830445519531663,1.2674204592732985
1.531060483212352,-0.002165766740060054,-10.0,1.162,10.0,0.05942886538154912,1.099946558920279,0.0,-1.2144773168441028,1.8529442729719507
1.5027479928261993,-0.004610440488267785,-10.0,1.182,10.0,0.10261689930226314,1.0997580133621487,0.0,-1.5974716062596837,2.436360829129361
1.4667842532272317,-0.00796095069708765,-10.0,1.202,10.0,0.15745339278330217,1.0992785408362928,0.0,-1.9796829545785721,3.0179213052049336
1.4231823959967809,-0.012205379617334117,-10.0,1.222,10.0,0.22390339866571463,1.0983018703950225,0.0,-2.3613493332171815,3.597823722763915
1.3719510072766479,-0.017320311512667497,-10.0,1.242,10.0,0.30193526845630725,1.0965680006448557,0.0,-2.742687635936627,4.176201364721473
1.3130946006228434,-0.023264330828998977,-10.0,1.262,10.0,0.3915192451551013,1.0937652474663384,0.0,-3.123888730426898,4.7531123356439595
1.2468683881777078,-0.02997026860398294,-10.0,1.282,0.37698657279125314,0.4921096581906026,1.0895335352757318,0.0,-3.4468843894948042,5.210281230475625
1.1767892772092328,-0.037340652793928716,-10.0,1.302,-9.656731129020017,0.596528637120084,1.083500703373101,0.0,-3.525890761881498,5.169909398821742
1.1063266348133745,-0.04530901718691142,-10.0,1.322,-10.0,0.6976847081535205,1.075771407925768,0.0,-3.521084904738359,4.956881808513776
1.0359299476975892,-0.05383881091354742,-10.0,1.342,-10.0,0.7946152377359761,1.0667899350121643,0.0,-3.519165962887858,4.747222760313059
0.9655416825656697,-0.06285835971433508,-10.0,1.362,-10.0,0.8873876118376893,1.0567480151691289,0.0,-3.5200864731533232,4.540880597471787
0.8951060285414485,-0.07228669615175444,-10.0,1.3820000000000001,-10.0,0.9760668431152535,1.045762963642439,0.0,-3.5237499444323843,4.337725614911198
0.8245693184008012,-0.08204351144092802,-10.0,1.4020000000000001,-10.0,1.0607151223537628,1.0339406071329984,0.0,-3.5300398828269923,4.137606803124241
0.7538804049014303,-0.0920503581179,-10.0,1.422,-10.0,1.141391418324626,1.0213760150634756,0.0,-3.5388220342717305,3.940354297266951
0.6829909936373824,-0.10223166742406924,-10.0,1.442,-10.0,1.21815112480264,1.0081542754024209,0.0,-3.5499464867720696,3.74578164013144
0.6118704874378214,-0.11251559947295942,-8.112033820032579,1.462,-10.0,1.29103113738039,0.9943512638637955,0.0,-3.5573905329833844,3.5478047615714257
0.5413971122836578,-0.12283266339417767,-2.563504359102268,1.482,-10.0,1.3591564928053188,0.9800373451033123,0.0,-3.4768194964374377,3.2619245712196356
0.4734766872142533,-0.13300304510802852,1.025552868495879,1.502,-10.0,1.420628610241474,0.9654697229456923,0.0,-3.312511309149029,2.8929624493846497
0.40942854556213426,-0.1427910431466683,3.1751964723372197,1.522,-10.0,1.4741463349510848,0.951156964124497,0.0,-3.096719302001321,2.473607488175194
0.35002364230519234,-0.1521425011961199,4.282250735009455,1.542,-10.0,1.5189627976230264,0.9375131229408321,0.0,-2.8528705168597948,2.0274696499641984
0.2956378065569236,-0.16113486684172437,4.647916462953731,1.562,-10.0,1.5547280180287775,0.9248258686348311,0.0,-2.59769566708265,1.571294054238699
0.24636767796954118,-0.16991924775766043,4.499357953901836,1.5819999999999999,-10.0,1.5813703245983897,0.9132665022108255,0.0,-2.342874949667322,1.1166729229780294
0.20211784692324208,-0.17867905909757256,4.0065637583278,1.6019999999999999,-10.0,1.599007695135616,0.9029060394662218,0.0,-2.0963064264277556,0.6713615135156854
0.1626658336840947,-0.18760254469544668,3.2955050682891027,1.6219999999999999,-10.0,1.6078820369067577,0.8937334368630029,0.0,-1.863080729066759,0.24028448537915104
0.12756519515800413,-0.19686588298775662,2.954348064188128,1.642,-5.7467274134811674,1.6086142020902114,0.8856731924766532,0.0,-1.6740479881593042,-0.114827690793599
0.09524669915022521,-0.20658934243981247,4.092463136297386,1.662,-1.7996987815445564,1.604318149894902,0.8785583168859983,0.0,-1.5715796615619977,-0.28490322247561184
0.06459674437617835,-0.2165471903828798,5.70360434516326,1.682,0.5312963115766678,1.5976752134067977,0.8718784124831374,0.0,-1.4992358821436638,-0.3656298344827571
0.03531456205592143,-0.22643038927409834,7.298732673575525,1.702,2.0985913253367627,1.5899118239529644,0.86527310934406,0.0,-1.4322337044596658,-0.40384208789654297
0.007397594997078372,-0.23603743884939413,8.700923855315512,1.722,3.245982938010883,1.5816460724998818,0.8586446129955392,0.0,-1.3621753426887326,-0.4190710793026797
-0.01906507771740884,-0.24523097838990143,9.856078615257413,1.742,4.118239582658312,1.5732351521170331,0.8520031262365033,0.0,-1.2869828952494444,-0.4200479611509491
-0.04401312908269439,-0.2539155988729705,10.0,1.762,4.678279110113515,1.564951694676398,0.8454017436488952,0.0,-1.213176512740036,-0.40561393937072365
-0.06756898710913006,-0.2620270135248557,10.0,1.782,4.904084397087516,1.5571241268681026,0.8388983445707989,0.0,-1.1464622820189345,-0.3771960758415791
-0.0898230735281107,-0.269532414395123,10.0,1.802,4.965419572997654,1.5499255460248742,0.8325107510143979,0.0,-1.0823511595845747,-0.3439984768236004
-0.11080147949893693,-0.2764290457484162,10.0,1.822,4.94987106948912,1.5433992773885619,0.8262645373655184,0.0,-1.018632058603089,-0.310466892903666
-0.13050007888346649,-0.28273144948596723,10.0,1.842,4.900842984264564,1.537528137938975,0.8201979342388004,0.0,-0.9542954931175632,-0.2786101761707568
-0.14890148542239956,-0.29365089422837914,10.0,1.862,4.839566645476268,1.5322688007012575,0.8087675782518037,0.0,-0.8889256005177351,-0.24923545082300014
-0.16598337614550474,-0.29365089422837914,10.0,1.8820000000000001,4.776176853967051,1.5275686204625574,0.8087675782518037,0.0,-0.822395262230383,-0.22256735454821786
-0.18172249144283903,-0.2983242088536949,10.0,1.9020000000000001,4.715282181516933,1.5233736800473183,0.8034808271332814,0.0,-0.7547137351454958,-0.19855736907061305
-0.196096479865556,-0.3025117416542396,10.0,1.9220000000000002,4.658763172590064,1.5196324627656717,0.7985252009127747,0.0,-0.6859509538196903,-0.17703735273736843
-0.2090846768982786,-0.3062414569277402,10.0,1.942,4.607175364643723,1.516297364424104,0.7939300470306005,0.0,-0.6162003188408096,-0.15779486675549703
-0.22066836387223,-0.309539868206948,10.0,1.962,4.560450490047607,1.5133251547694266,0.7897210281144758,0.0,-0.5455607544012018,-0.14060934334438824
-0.23083077996079737,-0.3124316798839636,10.0,1.982,4.518244928846116,1.510676943048245,0.7859203805481836,0.0,-0.4741283705665898,-0.12526873380992615
-0.2395570228534627,-0.3149395437199869,10.0,2.002,4.480111095776884,1.5083179232783595,0.7825472012192267,0.0,-0.4019928751687065,-0.11157650225435545
-0.24683390476091205,-0.31708388779553764,10.0,2.022,4.445580149164741,1.5062170347274906,0.7796177289116358,0.0,-0.32923630079282984,-0.09935391244488262
-0.252649795878769,-0.31888279402895037,10.0,2.042,4.414200463023299,1.5043466029264083,0.7771456050037792,0.0,-0.25593282991424116,-0.0884400814035271
-0.2569944702193645,-0.3203519103268754,10.0,2.062,4.385554185892104,1.5026819915410377,0.7751421069000903,0.0,-0.18214911320877086,-0.07869102978525355
-0.25985896019641785,-0.32150438884549104,10.0,2.082,4.359263086160325,1.5012012780918473,0.7736163518272285,0.0,-0.1079447832407031,-0.06997833486967682
-0.26126064172128416,-0.322350844883753,9.211147864000058,2.102,4.253399670862734,1.499908725920224,0.7725754706151351,0.0,-0.038340217344319916,-0.05760495530697428
-0.2614431639440298,-0.3228980522762975,8.150080603611887,2.122,3.8860203133630478,1.4989925853087902,0.7720185416965615,0.0,0.015223274406884056,-0.034234908109379
-0.2606749455103392,-0.3231459727408307,7.213467109617788,2.142,3.4179095487591127,1.498577360318742,0.7718849539363695,0.0,0.057974208213616485,-0.008639280641626952
-0.2591378708133467,-0.32311197356518323,6.359253830534328,2.162,2.9313250473658847,1.4986599773545812,0.7720993266498641,0.0,0.0928188228491928,0.015267308341547492
-0.2569739800641946,-0.32282752613114574,5.573037448757923,2.182,2.459659805531622,1.4991899909089366,0.7726024734052099,0.0,0.12114813665779448,0.03614024603822358
-0.2543045004180682,-0.32232784037384826,4.850448175393751,2.202,2.016716912416694,1.500102213449365,0.7733433244101058,0.0,0.14377322152269845,0.05364490437091557
-0.25123709340548217,-0.3216478140304563,4.190348235891594,2.222,1.6082204746564521,1.5013295375455815,0.7742758997001921,0.0,0.1612855868683121,0.06784315644607403
-0.24786859636829828,-0.3208205220529795,3.5922598761925606,2.242,1.23637264237475,1.5028079508706735,0.7753583736022538,0.0,0.1741932619557194,0.07895069838280186
-0.2442860925069228,-0.31987668309696904,3.055444493921211,2.262,0.9016870096420604,1.5044784477846243,0.7765528498965103,0.0,0.18296976481765806,0.08723983797538051
-0.24056740583116998,-0.3188444949440916,2.578623149435888,2.282,0.6037535633947932,1.506287685155982,0.7778253294561113,0.0,0.18806961521872373,0.09299954686280631
-0.23678143772610039,-0.31774960641194805,2.159942816124083,2.302,0.34158262269583517,1.50818811202533,0.7791456848775331,0.0,0.18993135220554713,0.09651824061255043
-0.23298849669458832,-0.3166151401887095,1.7970332118606436,2.322,0.11378091072691277,1.5101378647982573,0.780487584401294,0.0,0.18897621748078033,0.09807575187372605
-0.22924066992809422,-0.31546173763383384,1.4870932907038004,2.342,-0.08134132673500716,1.512100547869741,0.7818283556219626,0.0,0.185605654853948,0.09793917853065157
-0.225582245968468,-0.3143076176060874,1.2269834654535572,2.362,-0.2456935331141885,1.5140449519153405,0.7831487966745022,0.0,0.18019881392502177,0.0963605031934269
-0.22205018320714576,-0.31316864844140907,1.013314202668969,2.382,-0.3813432933583272,1.5159447351468476,0.7844329476680765,0.0,0.17311047798942614,0.09357513766578957
-0.21867461418412848,-0.3120584338871915,0.8425274194995502,2.402,-0.49046409787392165,1.5177780818234163,0.7856678355290426,0.0,0.16466953589703598,0.08980103788180505
-0.2154793746605037,-0.31098841353013973,0.7109694447340331,2.422,-0.5752900295498797,1.5195273475372648,0.7868432040492269,0.0,0.1551780010423931,0.0852382274618313
-0.2124825469105236,-0.3099679774030434,0.6149552785488233,2.442,-0.6380763354142616,1.5211786984679012,0.787951238999283,0.0,0.14491053649757984,0.0800686439102414
-0.2096970076897975,-0.30900459356506427,0.5508243109269451,2.462,-0.6810653417833379,1.5227217504433215,0.7889862961512817,0.0,0.13411442986798341,0.07445625190069519
-0.20713097251686463,-0.3072700854653052,0.5149878611008241,2.482,-0.7064573420707987,1.5241492126875995,0.7908241846513839,0.0,0.12300995759272337,0.06854738093622526
-0.2047885291063185,-0.3072700854653052,0.503969005417293,2.502,-0.7163861348601586,1.5254565403509126,0.7908241846513839,0.0,0.11179107932140618,0.06247125080621084
-0.20267015395021826,-0.30650557537816364,0.5144352196961854,2.5220000000000002,-0.7128988937589398,1.5266415992270597,0.7916242782110803,0.0,0.1006264059495558,0.0563406519047549
-0.20077320713337787,-0.3058116552727747,0.5432243943063852,2.542,-0.6979400442012285,1.527704345434655,0.7923454682739117,0.0,0.08966038874862503,0.05025275024258172
-0.19909240147509788,-0.30518839376808576,0.5873647975771057,2.5620000000000003,-0.6733388135495844,1.5286465222612398,0.7929893133981117,0.0,0.07901468128715175,0.04428998947800927
-0.1976202430097036,-0.30463484370844596,0.6440895655326351,2.582,-0.6408001171595679,1.5294713758415694,0.7935582021746569,0.0,0.06878963025785334,0.0385210647191767
-0.19634744064926046,-0.3041491921452526,0.7108462927516435,2.602,-0.601898442328519,1.530183390861728,0.7940551922687719,0.0,0.05906585577009322,0.03300194526240046
-0.19526328361451561,-0.3037289039411618,0.7853022838241408,2.622,-0.5580743975330371,1.530788047049251,0.7944838668025844,0.0,0.049905886043969776,0.02777692583123436
-0.19435598587646652,-0.3033708574024305,0.8653460080639164,2.642,-0.5106336021913016,1.531291596825624,0.7948482070546546,0.0,0.04135581569633393,0.0228796882412761
-0.19361299742403837,-0.3030714706968513,0.9490852742104927,2.662,-0.4607476049709014,1.5317008641602818,0.7951524803301184,0.0,0.033446960885570816,0.018334357719364258
-0.19302128266697416,-0.30282681815513657,1.0348426149778156,2.682,-0.4094565333130795,1.532023064373253,0.795401141810509,0.0,0.02619748845428306,0.014156540318694816
-0.1925675667016904,-0.30263273587124606,1.1211483405611844,2.702,-0.35767319407957743,1.5322656443847515,0.7955987492029081,0.0,0.019613999844871974,0.010354329981356884
-0.1922385505163815,-0.30248491630459107,1.2067316867645062,2.722,-0.30618836418918605,1.5324361427021076,0.7957498890554178,0.0,0.013693053946554089,0.006929275785543424
-0.19202109649525845,-0.30237899183985717,1.2905104503050602,2.742,-0.25567703003872566,1.5325420682648163,0.7958591136752665,0.0,0.008422616154345803,0.0038773017615797
-0.19190238580584396,-0.3023106074763605,1.3715794684856064,2.762,-0.20670535489513142,1.5325907971343158,0.7959308876657457,0.0,0.003783423769804334,0.0011895733665713342
-0.19187004942307784,-0.30227548299825097,1.4491982663683345,2.782,-0.1597381748165816,1.5325894859134328,0.795969543180341,0.0,-0.00024973954580224814,-0.0011466937413488931
-0.19191227466508476,-0.3022694651207162,1.5227781599190138,2.802,-0.11514684402644804,1.5325450007082422,0.7959792430712322,0.0,-0.003706865243622817,-0.003147485587446698
-0.19201788919305418,-0.3022885702178426,1.5918690709321837,2.822,-0.07321727114639742,1.532463860399246,0.7959639511813092,0.0,-0.006621640211998828,-0.004831304134282533
-0.1921764244668802,-0.302329018317804,1.6561462765421808,2.842,-0.03415800775865563,1.5323521929663313,0.7959274090922828,0.0,-0.009030467082959532,-0.0062185445179203745
-0.19237816065416968,-0.30238725910382247,1.715397286490905,2.862,0.0018917308771904118,1.5322157036100057,0.7958731186959282,0.0,-0.010971584093152456,-0.007330934925289046
-0.19261415496722822,-0.302459990688331,1.769509011566761,2.882,0.03485421484317186,1.532059653426928,0.7958043300014227,0.0,-0.012484282741772506,-0.008191037957697598
-0.19287625535553143,-0.3025441719364301,1.8184553601141573,2.902,0.06470560271392145,1.5318888474283776,0.7957240336302515,0.0,-0.013608220374975851,-0.008821811638254401
-0.19315710141379316,-0.30263702910642587,1.8622853737225498,2.922,0.09146866995717318,1.5317076307331101,0.7956349574825928,0.0,-0.014382823908690444,-0.009246227659249323
-0.19345011428200198,-0.3027360575532315,1.901111990800608,2.942,0.1152059160453689,1.5315198918191664,0.7955395670869294,0.0,-0.014846780166774588,-0.009486944017562532
-0.19374947721710978,-0.3028390192075605,1.9351015049011266,2.9619999999999997,0.13601309335875555,1.531329071779953,0.7954400691693561,0.0,-0.015037607748402933,-0.009566028834148225
-0.19405010840973969,-0.30294393650293877,1.964463765837543,2.982,0.1540131875094275,1.531138178596854,0.7953384180019126,0.0,-0.014991304918325274,-0.009504731906190556
-0.19434762750600765,-0.30304908337586406,1.9894431556377157,3.002,0.16935086979419367,1.5309498055115442,0.7952363241113408,0.0,-0.014742067736979482,-0.009323300365135758
-0.1946383171769659,-0.3031529739141081,2.010310353995237,3.022,0.18218743057616393,1.5307661526548477,0.7951352649517955,0.0,-0.014322072483583139,-0.009040834723433479
-0.1949190809585728,-0.3032543491758288,2.027354897195366,3.042,0.19269619769666235,1.5305890511637257,0.7950364971678174,0.0,-0.013761316371862054,-0.008675181558529168
-0.19518739846524458,-0.30335216264939785,2.0408785213030356,3.062,0.20105843287083758,1.5304199890928656,0.794941070097593,0.0,-0.01308751059236022,-0.008242859110392159
-0.19544127896182228,-0.30344556477170853,2.0511892722606007,3.082,0.20745969771152062,1.5302601385010606,0.7948498401914126,0.0,-0.012326019827903116,-0.0077590121422723545
-0.19567921416349154,-0.30353388687222516,2.0585963556955633,3.102,0.21208667190819597,1.53011038316449,0.7947634860461668,0.0,-0.011499842568476523,-0.00723739252640631
-0.19590013102207404,-0.3036166248617888,2.063405694682352,3.122,0.21512440411868283,1.5299713464382725,0.7946825237835866,0.0,-0.010629626780903057,-0.006690362165560647
-0.1961033451510028,-0.30369342293975854,2.0659161569701823,3.142,0.21675397363587479,1.5298434188536616,0.7946073225274115,0.0,-0.009733715765447997,-0.006128915030187358
-0.19628851544117243,-0.30376405755072083,2.0664164098223026,3.162,0.2171505355518022,1.5297267851006895,0.7945381197624933,0.0,-0.008828219336616159,-0.005562715286636065
-0.19645560032596965,-0.30382842178298486,2.065182358194839,3.182,0.21648172464008297,1.5296214501044139,0.7944750363865548,0.0,-0.007927105799247625,-0.005000148694603511
-0.19660481606692404,-0.30388651036543585,2.062475119472218,3.202,0.21490638716432642,1.5295272639570294,0.7944180912926475,0.0,-0.007042310535497253,-0.004448384673393406
-0.1967365973514026,-0.303938405387086,2.058539487407529,3.222,0.21257361396411767,1.5294439455179054,0.79436721534683,0.0,-0.006183857377349194,-0.003913446653624335
-0.19685156042107455,-0.3039842628347073,2.053602837991697,3.242,0.2096220446807351,1.5293711045388507,0.7943222646509907,0.0,-0.005359989298645255,-0.0034002885550415782
-0.19695046888427026,-0.30402430001818603,2.0478744301389185,3.262,0.2061794146278828,1.5293082622127718,0.7942830330047068,0.0,-0.004577305315304427,-0.0029128754556220935
-0.19703420230688895,-0.3040587839305212,2.0415450554665426,3.282,0.2023623171304223,1.5292548700803605,0.79424926350237,0.0,-0.0038409008361048264,-0.0024542667276889153
-0.19710372762485928,-0.3040880205695243,2.0347869931509166,3.302,0.19827615317264957,1.5292103272616666,0.7942206592223244,0.0,-0.0031545090415418765,-0.00202670013303349
-0.19716007337622,-0.30411234523105907,2.0277542271685434,3.322,0.19401524420281646,1.5291739960074375,0.794196892983348,0.0,-0.002520641197160998,-0.0016316755633177882
-0.197204306712206,-0.30413211376894933,2.0205828865144326,3.342,0.18966308148637978,1.5291452155894296,0.7941776161603635,0.0,-0.0019407241125388858,-0.001270037309350267
-0.19723751311410798,-0.3041476948041648,2.013391870920067,3.362,0.1852926916997788,1.529123314569241,0.7941624665658031,0.0,-0.0014152332502461906,-0.0009420539151240642
-0.19726077871556935,-0.30415946285554646,2.0062836265415385,3.382,0.18096709536852273,1.5291076215023915,0.7941510754155356,0.0,-0.0009438202569813285,-0.0006474948446304827
-0.197275175108099,-0.30416779235578795,1.9993450414860447,3.402,0.17673983997319453,1.5290974741481334,0.7941430734088285,0.0,-0.0005254339389650353,-0.0003857033402714607
-0.19728174649044927,-0.3041730525096081,1.9926484298341762,3.422,0.1726555893606374,1.529092227266447,0.7941380959604707,0.0,-0.00015843393189708893,-0.00015566499291468533
-0.19728149900972092,-0.30417560294578605,1.9862525800458997,3.442,0.1687507531196175,1.5290912590918389,0.7941357876300914,0.0,0.00015930347946734296,4.3928327056197924e-05
-0.1972753921331103,-0.3041757901108673,1.9802038426378843,3.462,0.16505414215668424,1.529093976579471,0.7941358057989671,0.0,0.0004302877500959232,0.00021461941778371798
-0.1972643318838454,-0.304173944349679,1.9745372375196801,3.482,0.16158763745774962,1.5290998195227106,0.7941378236483994,0.0,0.0006573248682250762,0.0003581317074750859
-0.1972491657724298,-0.3041703776162676,1.9692775625269832,3.502,0.1583668607252342,1.5291082636430744,0.7941415324961565,0.0,0.0008434366048021521,0.0004763202779449083
-0.19723067925466076,-0.304165381758237,1.9644404876221877,3.5220000000000002,0.15540183747502212,1.5291188227535732,0.7941466435487344,0.0,0.000991788146756055,0.0005711279196560567
-0.19720959355044698,-0.30415922731771755,1.9600336216472947,3.542,0.15269764460121849,1.5291310500951978,0.7941528891273768,0.0,0.0011056239357577658,0.0006445461230931207
-0.19718656466198325,-0.30415216279312174,1.9560575408221759,3.5620000000000003,0.15025503542407392,1.5291445389437692,0.794160023425117,0.0,0.0011882114459987286,0.000698580855421117
-0.19716218343595404,-0.3041444143073972,1.9525067698345389,3.582,0.1480710368629623,1.5291589225808684,0.7941678228506601,0.0,0.0012427925619505418,0.0007352229264122811
-0.1971369765218416,-0.3041361856305242,1.9493707090740386,3.602,0.1461395140512245,1.5291738737182383,0.7941760860128744,0.0,0.001272542160155823,0.0007564227105372526
-0.19711140808682526,-0.30412765850648094,1.9466345021680986,3.622,0.14445169985872752,1.5291891034600962,0.7941846333971015,0.0,0.0012805334539081471,0.0007640689662540326
-0.19708588215691858,-0.3041189932376619,1.944279840631502,3.642,0.1429966860079901,1.5292043598823728,0.7941933067815842,0.0,0.001269709629727427,0.0007599714701842844
-0.19706074546365926,-0.30411032948277855,1.9422857031584861,3.662,0.14176187507732863,1.529219426302106,0.7942019684390748,0.0,0.0012428612823419075,0.0007458471732509277
-0.1970362906856611,-0.30410178722745906,1.9406290284368133,3.682,0.14073339231615023,1.5292341193042729,0.794210500165321,0.0,0.0012026091445455438,0.0007233095764415552
-0.1970127599844531,-0.3040934678900799,1.9392853218223927,3.702,0.13989645732221945,1.5292482865872579,0.7942188021725864,0.0,0.0011513916063639956,0.0006938610216814878
-0.19699034874407317,-0.3040854555287166,1.938229196167729,3.722,0.13923571588190242,1.5292618046820659,0.7942267918828354,0.0,0.0010914565213728724,0.0006588875968375897
-0.19696920943387397,-0.3040778181184613,1.9374348493224502,3.742,0.1387355333343443,1.5292745765944726,0.7942344026516752,0.0,0.00102485681109497,0.0006196563580789902
-0.19694945552355847,-0.3040706088716663,1.9368764800081095,3.762,0.13838025033789947,1.5292865294134081,0.794241582450679,0.0,0.000953449392936432,0.0005773145838440148
-0.19693116538878197,-0.3040638675769055,1.9365286452695862,3.782,0.13815440327915596,1.529297611923317,0.7942482925323647,0.0,0.0008788969792110207,0.0005328907855463641
-0.19691438615444667,-0.3040576219355572,1.9363665625921733,3.802,0.13804291083836517,1.5293077922528653,0.7942545060988856,0.0,0.0008026723176059783,0.0004872972151460839
-0.19689913743112708,-0.3040518888778905,1.9363663605552972,3.822,0.13803122901592246,1.5293170555873443,0.794260206992438,0.0,0.0007260644708765264,0.00044133362493292824
-0.19688541490781652,-0.3040466758433406,1.9365052814103834,3.842,0.13810547702348686,1.529325401967383,0.7942653884225327,0.0,0.0006501867615963199,0.00039569205180469726
-0.19687319377138213,-0.30404198201229815,1.9367618397971853,3.862,0.13825253629677903,1.5293328441922522,0.7942700517426053,0.0,0.000575986037333171,0.000350962416471473
-0.19686243192963282,-0.3040377994791714,1.9371159416553319,3.882,0.13846012489793225,1.529339405841979,0.7942742052859851,0.0,0.0005042529417606106,0.00030763874605404834
-0.19685307302095456,-0.3040341143587306,1.9375489668711054,3.902,0.13871684999386957,1.5293451194289291,0.7942778632690033,0.0,0.0004356329080253596,0.0002661258461218515
-0.19684504919875856,-0.3040309078197763,1.9380438200561123,3.922,0.13901224062919937,1.5293500246861491,0.794281044766973,0.0,0.0003706376198691396,0.0002267462674970935
-0.19683828368381207,-0.3040281570420264,1.9385849530040744,3.942,0.13933676310893262,1.5293541669969244,0.7942837727669676,0.0,0.0003096567158665578,0.0001897474300191609
-0.19683269308167706,-0.30402583609374007,1.9391583626164888,3.9619999999999997,0.13968182122763295,1.529357595967359,0.7942860732996909,0.0,0.00025296954027220157,0.00015530878266196177
-0.1968281894661814,-0.3040239167290574,1.9397515675310117,3.982,0.1400397434162315,1.5293603641416338,0.7942879746513272,0.0,0.00020075677096781852,0.00012354889598433113
-0.19682468223289895,-0.304021162421399,1.9403535672152472,4.002,0.14040375909045721,1.5293625258575885,0.7942907000605184,0.0,0.00015311178034381652,9.453239885403501e-05
-0.19682207972930588,-0.304021162421399,1.9409547860059995,4.022,0.14076796561326432,1.5293641362387431,0.7942907000605184,0.0,0.00011005160936891417,6.827668477765245e-05
-0.19682029067039242,-0.30402026548010236,1.9415470055590411,4.042,0.14112728806292552,1.5293652503174915,0.7942915859799058,0.0,7.152745690067858e-05,4.4758328118733675e-05
-0.19681922535027763,-0.3040196471761974,1.9421232877140149,4.062,0.14147743307297844,1.529365922283124,0.7942921954060538,0.0,3.743460717274181e-05,2.3919161801389275e-05
-0.1968187966617121,-0.30401927691505465,1.9426778906976416,4.082,0.14181483838164866,1.5293662048475358,0.7942925588005528,0.0,7.621736557081576e-06,5.671980477848685e-06
-0.19681892093634,-0.30401912496509254,1.9432061804289802,4.102,0.14213661931039567,1.529366148720813,0.7942927057468598,0.0,-1.8100441870063603e-05,-1.0094157323939427e-05
-0.19681951861926716,-0.3040191627487001,1.9437045389533836,4.122,0.14244051361336219,1.5293658021885044,0.7942926646643559,0.0,-3.9951222990885615e-05,-2.3509044652554503e-05
-0.19682051479189955,-0.30401970032775333,1.944170271575807,4.142,0.14272482506116901,1.5293652107821014,0.7942921249437291,0.0,-5.817265642475136e-05,-3.471686884460616e-05
-0.19682183955709487,-0.30401970032775333,1.9446015146893814,4.162,0.14298836727553166,1.5293644170341771,0.7942921249437291,0.0,-7.302299755292921e-05,-4.387218224342611e-05
-0.19682342830069377,-0.304020150587633,1.9449971443302516,4.182,0.14323040888060135,1.5293634603096393,0.7942916755101581,0.0,-8.477085508609597e-05,-5.1136295920597074e-05
-0.19682522184313367,-0.30402069173631197,1.9453566879768402,4.202,0.14345061897573785,1.5293623767047375,0.7942911362362697,0.0,-9.369001668330687e-05,-5.667408943419366e-05
-0.19682716649453358,-0.30402130350443407,1.945680239453118,4.222,0.1436490160632964,1.5293611990056668,0.7942905272359788,0.0,-0.00010005493120115224,-6.065121840931117e-05
-0.19682921402602194,-0.3040219674936307,1.9459683781144932,4.242,0.14382591815129686,1.5293599566989524,0.7942898667597074,0.0,-0.00010413681596674958,-6.323170602942974e-05
-0.19683132156950922,-0.30402266716844634,1.9462220922198625,4.2620000000000005,0.14398189648678894,1.5293586760261775,0.794289171203741,0.0,-0.00010620035649689026,-6.457589559364144e-05
-0.1968334514573149,-0.3040233878235721,1.94644270799742,4.282,0.1441177319162712,1.529357380076064,0.7942884551439242,0.0,-0.00010650096012855851,-6.483874279648483e-05
-0.1968355710123637,-0.3040241165303049,1.9466318238375635,4.302,0.14423437452810717,1.52935608890734,0.794287731389823,0.0,-0.00010528252424573574,-6.416842327139124e-05
-0.19683765229875316,-0.30402484206591596,1.9467912494665285,4.322,0.14433290697271062,1.5293548196963886,0.7942870110557156,0.0,-0.00010277567799885632,-6.27052295572529e-05
-0.19683967184177842,-0.30402555482929283,1.9469229517559583,4.342,0.1444145103783434,1.5293535869041204,0.7942863036450803,0.0,-9.919645402740244e-05,-6.0580734096054906e-05
-0.19684161032553238,-0.3040262467459754,1.9470290047513217,4.362,0.14448043447439218,1.5293524024570448,0.7942856171454975,0.0,-9.474535025624353e-05,-5.79171891842198e-05
-0.19684345227544942,-0.30402691116538283,1.94711154629843,4.382,0.1445319705578818,1.5293512759380512,0.7942849581312044,0.0,-8.960673748852803e-05,-5.4827142422246e-05
-0.19684518573228882,-0.3040275427527602,1.9471727394307692,4.402,0.1445704275687909,1.5293502147828537,0.7942843318707984,0.0,-8.39485742807932e-05,-5.141324004973331e-05
-0.1968468019232974,-0.3040281373780836,1.9472147385270588,4.422,0.14459711177048362,1.5293492244786169,0.7942837424378815,0.0,-7.792238915047857e-05,-4.776819521365311e-05
-0.19684829493547173,-0.30402869200389404,1.9472396610586529,4.442,0.144613308779018,1.5293483087616675,0.7942831928226917,0.0,-7.166349256138645e-05,-4.397489888745837e-05
-0.19684966139518512,-0.30402920457376226,1.947249563255049,4.462,0.14462026863144573,1.5293474698116771,0.7942826850430492,0.0,-6.529138371782692e-05,-4.010665156721686e-05
-0.19685090015768214,-0.3040296739028504,1.947246420330906,4.482,0.14461919383395028,1.5293467084401673,0.7942822202531631,0.0,-5.8910319376542916e-05,-3.622749466101159e-05
-0.1968520120093844,-0.30403009957177435,1.9472321103236823,4.502,0.1446112288619794,1.5293460242714367,0.7942817988491082,0.0,-5.2610013460393423e-05,-3.239262456407888e-05
-0.19685299938531653,-0.30403048182479897,1.9472084020279112,4.522,0.14459745300561266,1.529345415914559,0.7942814205699658,0.0,-4.646643989359919e-05,-2.864887049120398e-05
-0.19685386610344136,-0.30403082147314175,1.9471769456064436,4.542,0.14457887396881475,1.5293448811252475,0.7942810845938453,0.0,-4.05427125046362e-05,-2.5035221949053178e-05
-0.19685461711718855,-0.304031119804027,1.9471392665444398,4.562,0.14455642462118945,1.5293444169568122,0.7942807896281723,0.0,-3.489001999605482e-05,-2.1583389497705315e-05
-0.19685525828709327,-0.3040313784959263,1.9470967618996582,4.582,0.144530960004996,1.5293440198996286,0.7942805339938049,0.0,-2.954859386306084e-05,-1.831838875704253e-05
-0.19685579617194815,-0.3040315995403047,1.9470506993233272,4.602,0.1445032569432847,1.5293436860088097,0.7942803157026674,0.0,-2.4548692358792364e-05,-1.5259134551595015e-05
-0.1968562378397012,-0.30403178517002444,1.9470022173052826,4.622,0.1444740138800249,1.529343411019969,0.7942801325287588,0.0,-1.9911584062278203e-05,-1.2419036185436677e-05
-0.19685659069786876,-0.3040319377944798,1.9469523278360157,4.642,0.1444438525436631,1.5293431904531278,0.794279982072457,0.0,-1.5650517825033152e-05,-9.806585367465445e-06
-0.1968568623431084,-0.30403205994140486,1.9469019200290205,4.662,0.14441331974461846,1.5293430197050348,0.7942798618181948,0.0,-1.1771667075266383e-05,-7.42592972400181e-06
-0.19685706042932605,-0.3040321542052193,1.9468517652425632,4.682,0.14438289072638,1.5293428941301848,0.7942797691856278,0.0,-8.27503967732162e-06,-5.277425785733017e-06
-0.19685719255355227,-0.30403222320171963,1.9468025227761032,4.702,0.1443529723929693,1.529342809111066,0.7942797015745043,0.0,-5.15534503185461e-06,-3.3581666680750023e-06
-0.19685726615864407,-0.3040322695288413,1.946754746543533,4.7219999999999995,0.14432390742156187,1.52934276011813,0.794279656403497,0.0,-2.4028127062448393e-06,-1.6624809933348276e-06
-0.19685728845182648,-0.304032295733187,1.9467088924109532,4.742,0.14429597841933983,1.529342742760134,0.7942796311433156,0.0,-3.957777396177559e-09,-1.8240018508691096e-07
-0.19685726633794065,-0.30403230428196915,1.9466653252352195,4.7620000000000005,0.14426941250418324,1.5293427528254675,0.7942796233444374,0.0,2.0577095103772835e-06,1.0919088253635108e-06
-0.19685720636628457,-0.3040322975400024,1.9466243271258676,4.782,0.144244386060155,1.5293427863152091,0.7942796306598352,0.0,3.8010328923838033e-06,2.171745036278958e-06
-0.19685711468984657,-0.30403227775134467,1.9465861048197475,4.802,0.14422102926099356,1.5293428394685797,0.7942796508630852,0.0,5.246617743796641e-06,3.0695109979499754e-06
-0.19685699703577342,-0.3040322470251936,1.946550797527813,4.822,0.14419943089434284,1.5293429087815174,0.7942796818622607,0.0,6.416297674134231e-06,3.7983861278201e-06
-0.19685685868588987,-0.30403220732563613,1.9465184844787764,4.842,0.14417964288169216,1.5293429910191012,0.7942797217100047,0.0,7.33265937322191e-06,4.372034829121647e-06
-0.19685670446613024,-0.3040321604648465,1.9464891923290928,4.862,0.1441616847631444,1.5293430832224857,0.7942797686101831,0.0,8.01862359348484e-06,4.804349230568499e-06
-0.19685653874376996,-0.3040321080993475,1.9464629020617075,4.882,0.1441455479902487,1.5293431827110542,0.794279820921508,0.0,8.497080559255552e-06,5.109224834526615e-06
-0.19685636543140728,-0.3040320517289502,1.9464395558367542,4.902,0.1441312000157957,1.529343287080403,0.7942798771585047,0.0,8.790577029114654e-06,5.3003677139714885e-06
-0.19685618799668614,-0.3040319926980175,1.9464190630706035,4.922,0.14411858799388,1.5293433941967924,0.7942799359901846,0.0,8.921052236232756e-06,5.391131173651195e-06
-0.1968560094768108,-0.30403193219870067,1.946401306431511,4.942,0.14410764256762576,1.5293435021886328,0.7942799962367609,0.0,8.909619243657307e-06,5.394380649078375e-06
-0.19685583249699334,-0.3040318712758295,1.9463861471475497,4.962,0.14409828099557487,1.5293436094355286,0.7942800568647356,0.0,8.776388561657512e-06,5.322384065002011e-06
-0.19685565929200877,-0.3040318108331556,1.946373430008741,4.982,0.14409041020861935,1.5293437145553934,0.7942801169806469,0.0,8.540330497595464e-06,5.186725998245666e-06
-0.19685549173013062,-0.3040317516406742,1.9463629877754407,5.002,0.1440839296266816,1.5293438163900692,0.7942801758237562,0.0,8.219172630692792e-06,4.998243318394332e-06
-0.19685533133878153,-0.30403169434276545,1.9463546452283431,5.022,0.14407873353494693,1.5293439139898766,0.7942802327579261,0.0,7.82932886771344e-06,4.766980381129267e-06
-0.1968551793312967,-0.30403163946693307,1.9463482226932172,5.042,0.14407471323023557,1.52934400659744,0.7942802872629123,0.0,7.38585688325505e-06,4.502161084891281e-06
-0.19685503663427895,-0.3040315874329344,1.9463435390940198,5.062,0.14407175912083403,1.5293440936311278,0.7942803389252746,0.0,6.902439967411932e-06,4.21217692271581e-06
-0.1968549039150762,-0.30403153856211695,1.9463404148440056,5.082,0.14406976216116973,1.5293441746683953,0.7942803874290869,0.0,6.391390970470744e-06,3.904587416886802e-06
-0.19674097165801996,-0.30403149308680594,10.0,5.102,-8.601669174812537,1.52912742813744,0.7942804325466019,0.0,0.059356247817672805,-0.09791271977658973
-0.19274506028753802,-0.30406202180976244,10.0,5.122,-1.9037174629625286,1.523138298494401,0.7943023213265766,0.0,0.30676283129783466,-0.4410813159923918
-0.1848739849281218,-0.3047387439851117,10.0,5.142,1.4189223035856544,1.5124593502889558,0.7951647934488911,0.0,0.4620983365023154,-0.5977713992619397
-0.17467768475505885,-0.3067869294183218,5.311039997063263,5.162,3.4281286753847873,1.5000171012111823,0.7993032810785995,0.0,0.5234981167496414,-0.6063534084474086
-0.1641483414249887,-0.3067869294183218,5.314868738911088,5.182,2.703533509834148,1.4884610598860677,0.7993032810785995,0.0,0.5312818852591411,-0.5563355861511918
-0.15336243271420447,-0.3074776815252188,5.122285825192058,5.202,2.293033757799469,1.4776817235681632,0.8018359714278083,0.0,0.54716822444382,-0.5251527845480148
-0.1422891427189672,-0.3079002496736984,4.664496971851468,5.222,2.7958105742085984,1.467525810516345,0.8044992652313123,0.0,0.554428012873731,-0.483721036797234
-0.13115691742921864,-0.308083324623145,4.607002024082838,5.242,2.15045264457164,1.458311210186154,0.8072933835642389,0.0,0.5603027902010523,-0.44363350369523363
-0.11982704995298654,-0.30799522203440355,4.39469452396726,5.2620000000000005,1.776493149699079,1.4497084147647508,0.8101664821485078,0.0,0.5725533591269715,-0.41954898132380836
-0.10829589765274683,-0.3076855158382226,3.888438975896528,5.282,2.3471533161566676,1.4416099689147908,0.8131399808337633,0.0,0.574512861785163,-0.3824351361500121
-0.09682345187373631,-0.30717743176405493,3.8676394553701465,5.302,1.6882634859574697,1.4343865045532853,0.8162069398158984,0.0,0.5746847975239423,-0.34582691876694366
-0.08525939683368566,-0.30643563885850567,3.6882142111447958,5.322,1.3225701167887065,1.4276967493792716,0.8193070807748338,0.0,0.5819209246825786,-0.3258895561179545
-0.0735947414127951,-0.3055096988575931,3.170073607252315,5.342,1.951087378391743,1.421434221012393,0.8224641212022505,0.0,0.5783589319077146,-0.2916471776096815
-0.062104126311721686,-0.3044222309773099,3.20587070160324,5.362,1.28580493462541,1.4160017928325788,0.8256723878362859,0.0,0.5731256584362306,-0.2575962225274826
-0.05061978427130587,-0.30313637941874716,3.074501588326946,5.382,0.9351799892577355,1.4110426227104549,0.8288678049121995,0.0,0.5758411935784158,-0.2409479307950778
-0.039123533522651854,-0.3017013501092298,2.560377599205287,5.402,1.6202125806580185,1.4064494434261396,0.832079031386662,0.0,0.5675050130016928,-0.20893378854017763
-0.027899650123403674,-0.3001387515508542,2.658370269962763,5.422,0.9569447125618098,1.4026526173473028,0.8353034977192101,0.0,0.5577247298535232,-0.17683009297240215
-0.016763066401703774,-0.298410401848234,2.5795065577384104,5.442,0.6256723228367695,1.3992824266677788,0.838474941946495,0.0,0.5567572121950797,-0.16272717907020057
-0.0056857081291301625,-0.29656420252593924,2.0767811040153643,5.462,1.3609527080905328,1.3962312005033608,0.8416277151343194,0.0,0.5446303771644363,-0.1323816216072356
0.005041897489353353,-0.2946202286458236,2.2347554330586346,5.482,0.704955368582876,1.3939519283234256,0.8447629609549603,0.0,0.531315674471829,-0.10169469184092733
0.015620291233799044,-0.29253922270737714,2.206307732106574,5.502,0.3940386442339059,1.3920650750391124,0.8478130580619669,0.0,0.5275822792004422,-0.08946154598194361
0.02608694464846728,-0.2903670244292691,1.7169900161827885,5.522,1.1692080315524453,1.3904628259003138,0.8508179391266032,0.0,0.5126861645220744,-0.06032392892649868
0.036147787357592165,-0.28812184748958014,1.9277503933761213,5.542,0.5236089475789572,1.3896151681382518,0.8537824078341661,0.0,0.49684462123047307,-0.03063786473702773
0.04601601431292579,-0.2857637706476599,1.943615975231205,5.562,0.23200976584912758,1.3891359073816938,0.8566378924785668,0.0,0.4912119849018604,-0.019708183432018744
0.0557372815717363,-0.2833360681207277,1.466530712081972,5.582,1.0341895643454322,1.3889172508433658,0.8594292531370049,0.0,0.47449342296197333,0.008552543540071844
0.06501631049895185,-0.28085497480032146,1.7201311142372215,5.602,0.40104360357057134,1.3894400635331516,0.8621645090230354,0.0,0.45703359711889124,0.037515593479607034
0.0740755599611056,-0.2782804591401365,1.7721899312365619,5.622,0.12676585271549523,1.3903147700806384,0.8647743491873457,0.0,0.45024379424998273,0.04757666780103348
0.08296726625400286,-0.2756529677422201,1.3046161830709866,5.642,0.9419655919806674,1.3914337913886108,0.8673076084272131,0.0,0.4325115577286651,0.07515430817925106
0.09139707272702058,-0.27298681855402473,1.5901118841652822,5.662,0.32299456124160375,1.3932825928342893,0.8697748938325914,0.0,0.41419281029100646,0.10353351520995774
0.09959308647690612,-0.27024251355184076,1.669729650850514,5.682,0.06386464087375987,1.3954715900682837,0.872106320305337,0.0,0.40682963881652034,0.11302734866843955
0.10761237705510496,-0.2674576064418632,1.208524813837678,5.702,0.8781300673805106,1.397893712001867,0.8743536347790359,0.0,0.38872680090713985,0.1399896809599267
0.11516351245800749,-0.2646446848572869,1.515253211136223,5.7219999999999995,0.27515169664089156,1.4010329039036593,0.8765293681269855,0.0,0.3701410480197046,0.16780189335540485
0.1224766849552461,-0.2617654542706275,1.6143199140249793,5.742,0.029310495596972408,1.40450295791665,0.8785632677561891,0.0,0.36262489533529063,0.17690866183508702
0.12961208800739055,-0.25885464691838395,1.1565932748317826,5.7620000000000005,0.8295910229602724,1.4081977370526877,0.8805089504377961,0.0,0.34462636491883936,0.20322072876116248
0.1362830989113517,-0.25592337061529685,1.4750257520754586,5.782,0.24469384854314968,1.4125939739674678,0.882380260351812,0.0,0.32620159251913494,0.2303869888230713
0.14271869490122047,-0.25293516872801214,1.5865911293117447,5.802,0.010847930758682622,1.4173121222089797,0.8841068608768856,0.0,0.3188027592893401,0.239186526582284
0.1489806423576372,-0.24992210016682415,1.1300194640402454,5.822,0.7855876038452472,1.4222475274042505,0.8857432960605293,0.0,0.30122894575801684,0.26473963205734696
0.1547888620028326,-0.24689405330096725,1.4522497422707639,5.842,0.22112494993296195,1.4278646560017743,0.8873042120267114,0.0,0.28324609571091103,0.29111574015496106
0.16036822375607684,-0.24381695993986482,1.570834709405212,5.862,-0.0013830975787614275,1.4337936831775284,0.8887195478534412,0.0,0.27610835770490394,0.299611987887353
0.165780745603195,-0.24072038095665865,1.1137201488674813,5.882,0.7380904442093902,1.439932072730839,0.8900439724316201,0.0,0.2591477750229869,0.32425322360261977
0.17075442432910304,-0.2376132158790876,1.4336645244950503,5.902,0.19656689242039876,1.4467277513173045,0.8912925360810124,0.0,0.24176450255567894,0.34965951832862885
0.1755076235211499,-0.23446422160914365,1.555331192256487,5.922,-0.01467472706404277,1.4538233383754688,0.8923958687467614,0.0,0.2349327000472477,0.357804779882193
0.18010155341507517,-0.23130062863420794,1.0964943625323982,5.942,0.6817540674038767,1.4611190900248907,0.8934081146071606,0.0,0.21866813854587852,0.3813633855364952
0.1842735672566116,-0.2281305250258962,1.4098796397270612,5.962,0.16566728441197853,1.4690429690385347,0.8943444391897081,0.0,0.20194471212211612,0.40561042174515166
0.18823364993184288,-0.22492580350528912,1.532137127383701,5.982,-0.03391057619451965,1.477252338149305,0.8951366047923122,0.0,0.195392032786487,0.4133268641027734
0.1920414095839602,-0.2217115041209034,1.0707219185449262,6.002,0.6135801170486079,1.4856509082022207,0.8958377287636088,0.0,0.17982655230465538,0.435635213968915
0.19544454580801673,-0.21849501860205472,1.3749308883738331,6.022,0.12526510630391208,1.494644106775139,0.8964628961306084,0.0,0.16375069449396173,0.45854348514433985
0.19864331008623282,-0.21525156321672836,1.4965433660636556,6.042,-0.0619251034408313,1.5039058648110544,0.8969454399509929,0.0,0.15740292019479957,0.46574043516858493
0.20169516165061285,-0.21200409188921132,1.0317929664777172,6.062,0.5324312349141962,1.5133439549487226,0.8973370796775835,0.0,0.14248325165463033,0.48664881012774913
0.20435882576221243,-0.20875935460447512,1.3256280535623255,6.082,0.0739356857984782,1.5233395006644361,0.8976526973162806,0.0,0.1269919485296541,0.5080619920405718
0.20682394323703157,-0.20549596927713176,1.4463782591309182,6.102,-0.09995443065008358,1.5335843379651077,0.8978276069526594,0.0,0.1207472286789248,0.5146485429915267
0.20914549508102454,-0.20223487312223548,0.9774171732625352,6.122,0.43849336559004815,1.5439908202337094,0.8979118682732072,0.0,0.10638330631523206,0.5340337384573308
0.21109360060795979,-0.19898217724396028,1.2608298379425824,6.142,0.011500211235786262,1.5549147085767308,0.8979200903081962,0.0,0.09138061327369441,0.5538257088217935
0.21284682874069816,-0.19571988963338077,1.3812772900007138,6.162,-0.1481037077579121,1.5660666126778242,0.8977899320444127,0.0,0.08512427692177513,0.5597187514264763
0.21445753370967502,-0.19246697123958856,0.9069271149786302,6.182,0.3327708058714873,1.5773638786246682,0.8975696171356088,0.0,0.07120435234122038,0.5774873878358576
0.21570730264160431,-0.18922885762115263,1.1807500264347917,6.202,-0.06143135960626098,1.5891364425154269,0.8972734454441782,0.0,0.05657487985378079,0.5955640886492206
0.2167635155286467,-0.18599086795900513,1.3020107327859918,6.222,-0.20577321907602888,1.6011141334233763,0.8968417273345002,0.0,0.05018947349687041,0.6006924174997765
0.21767589427835343,-0.1827700066904148,0.8206465212722662,6.242,0.2166483567660976,1.6132195882009919,0.8963207373199065,0.0,0.036590955478512585,0.6167799993415521
0.21823730277547426,-0.1795709707250246,1.08635143546922,6.2620000000000005,-0.14385302008905404,1.625756923412796,0.8957244482459975,0.0,0.022209300407970048,0.6330772427973916
0.21860408422773325,-0.1763822666392324,1.209914114169888,6.282,-0.2720173907969553,1.6384752740486155,0.8949960671214022,0.0,0.015580459225115974,0.6373824967131124
0.2188234300203753,-0.17321894988636238,0.7193658816155067,6.302,0.09154745809557518,1.6513027558703675,0.8941798494703822,0.0,0.0021769455499463463,0.6517494272882826
0.21869906372650494,-0.1669716661809289,0.978860901410016,6.322,-0.234670460204858,1.6645180113002542,0.8922710987885549,0.0,-0.012086396783297624,0.666227911346047
0.21837664108723853,-0.1669716661809289,1.106446168816025,6.342,-0.34582155442838314,1.6778892826164329,0.8922710987885549,0.0,-0.019067426587941843,0.6696632173377213
0.2179010010974869,-0.16389235381785297,0.6039434274473661,6.362,-0.04132232339107621,1.6913502545200894,0.891167049158281,0.0,-0.03240219857319195,0.6822888428115338
0.2170861284990453,-0.160849946599756,0.8594139233584416,6.382,-0.33292228572258264,1.705154658038535,0.8899905654299036,0.0,-0.04667769531598745,0.6949274399446046
0.21606747242374613,-0.15487029937476904,0.9928759403815877,6.402,-0.4262968529099885,1.719089437407277,0.8873089213353278,0.0,-0.05411398657593771,0.6974545404545396
0.21488774862851567,-0.1519462294658455,0.4750326015591013,6.422,-0.18112318939218142,1.7330938552428439,0.885856777931121,0.0,-0.06750444615130265,0.7083300993297335
0.21337047119850983,-0.1519462294658455,0.7288235190251514,6.442,-0.43792080072845135,1.747397397767056,0.885856777931121,0.0,-0.08192234519958981,0.7191182705493709
0.2116414371745039,-0.149063826159533,0.8700889935367624,6.462,-0.5128003737867022,1.7618051780640656,0.8842875469936415,0.0,-0.08991280340970932,0.720703794513522
0.20974149982744006,-0.14623231680613485,0.33292764863925517,6.482,-0.32747294366544394,1.7762619846565393,0.8826392093405442,0.0,-0.10348126726668459,0.7298249140670701
0.20750288850646914,-0.14345265643412441,0.5874601903142357,6.502,-0.5493230783842633,1.7909737253303497,0.8809242864264418,0.0,-0.11817154997810621,0.738754854525426
0.20504232584673598,-0.14072460799999442,0.7384967246895225,6.522,-0.6049911760573061,1.8057630986983249,0.8790989822629304,0.0,-0.12681321908561174,0.7393662487298699
0.20239908107017346,-0.13805547051724198,0.17751570596227517,6.542,-0.48046816515810054,1.8205803273990782,0.8771991219995731,0.0,-0.14068019101549192,0.7467253614446479
0.19941325783175134,-0.13544508663382196,0.4352277327865609,6.562,-0.6671446688213013,1.8356083094902864,0.8752367978366535,0.0,-0.15577283756382482,0.75378420947868
0.196193060052253,-0.13289570990001803,0.5980316875848983,6.582,-0.7028336191982081,1.8506867724562355,0.873171656859473,0.0,-0.16516329104473973,0.7533856923137572
0.19277645921990594,-0.1279948040279501,0.008324716006913202,6.602,-0.6406523075686343,1.8657712636451862,0.8688453950641938,0.0,-0.1794476098258226,0.7589646743078727
0.18901062670052848,-0.1279948040279501,0.27162366732070076,6.622,-0.791722221533117,1.8810220503844448,0.8688453950641938,0.0,-0.195072445869472,0.7641270842631203
0.18499573963117566,-0.12564661504506097,0.4482173144165338,6.642,-0.8065546705317194,1.8962954358629815,0.8665590535415718,0.0,-0.2053116454746411,0.762675941809514
0.1807687602416772,-0.12337163461944936,-0.17533370378205004,6.662,-0.8089493237317914,1.9115521857481461,0.8642096210951139,0.0,-0.22012958108711486,0.7664388198397448
0.17618323009432135,-0.12116733297262118,0.09587770337424151,6.682,-0.9236366608299774,1.926930028535935,0.861808191477839,0.0,-0.2364147603457482,0.7696596851863478
0.17133168387028785,-0.11904073106364885,0.28830324768598226,6.702,-0.9165633045100897,1.94230157670005,0.8593215382717745,0.0,-0.24760573043529538,0.7671030084422854
0.16625036032764395,-0.1169934108192803,-0.37412485904139914,6.7219999999999995,-0.9865432442045803,1.9576327334617858,0.8567785834102405,0.0,-0.2630683351414669,0.7689889096568197
0.16079867438222895,-0.11502160094703637,-0.09282617361072498,6.742,-1.0635860612974566,1.9730383917460834,0.8541898328953187,0.0,-0.28013670309583577,0.7701965005590082
0.15506174692806862,-0.11313466537498823,0.11747288924363775,6.7620000000000005,-1.0333249174769643,1.9884074849654088,0.851525828581096,0.0,-0.2923844060343469,0.7664686728961206
0.14907537289146422,-0.11133228808731016,-0.5883307767700314,6.782,-1.174714269423606,2.003711020634345,0.8488129082286939,0.0,-0.30859205923386185,0.7663847690576551
0.14270466520234937,-0.10960943057336242,-0.295027917185263,6.802,-1.2122081730441792,2.0190402527478426,0.846060916501249,0.0,-0.3265541855471328,0.7654740156843545
0.13602734516265524,-0.10797782272023343,-0.06486470320170645,6.822,-1.1571870195913665,2.0343008334853323,0.8432444002285451,0.0,-0.33996176054628435,0.7604950884420429
0.12907903233813744,-0.1064352336238561,-0.8173417557502309,6.842,-1.3746031341777534,2.049468913497371,0.8403868580079975,0.0,-0.35699479766866726,0.7583095601039933
0.12173084394022293,-0.10497534011446993,-0.5105419465445522,6.862,-1.369830951357602,2.064610660448766,0.837497385128843,0.0,-0.37593739228380857,0.7551356303596799
0.1140528271828769,-0.10361230617382786,-0.258671936430789,6.882,-1.2881381492742836,2.079649359980152,0.8345548847671481,0.0,-0.3905987688129624,0.7488109674201449
0.10608067503828433,-0.10115664046366829,-1.058959253044613,6.902,-1.5868762990529317,2.0945664456861053,0.8285799347101475,0.0,-0.4085028817112062,0.744346257364806
0.0976925076738775,-0.10115664046366829,-0.7378423419559077,6.922,-1.536127109010638,2.1094007486631483,0.8285799347101475,0.0,-0.4284710500907641,0.7387188310169418
0.08895004111283544,-0.10007311473652583,-0.4627343967727261,6.942,-1.4254787753481895,2.1240947776635704,0.8255394870550096,0.0,-0.4444586918624546,0.7309406003728047
0.07988925670272184,-0.09908514788070052,-1.3084672767829715,6.962,-1.8112651935907969,2.1386355240358785,0.8224749078636833,0.0,-0.46322351847255566,0.723967430510992
0.07039724229176603,-0.09818383359176155,-0.973243712166477,6.982,-1.7096489771485983,2.1530312477758837,0.8193934451388541,0.0,-0.4841950200881978,0.7156462860286152
0.060526224859697386,-0.09738864978749626,-0.6739320533373849,7.002,-1.5673832746475826,2.167246135147879,0.8162844228767141,0.0,-0.5015412894687313,0.7062975586419595
0.050312630240161305,-0.09669121189580202,-1.557464008443279,7.022,-2.045933191731139,2.181273189068751,0.8131600498236865,0.0,-0.5210709034812497,0.6965311759778341
0.03965578029881467,-0.0960813390219154,-1.2098614495172189,7.042,-1.8872184058203607,2.1950856930825964,0.8100264138641786,0.0,-0.5429209961940333,0.6852247962272466
0.028596614089500427,-0.09518112125246328,-0.8863123483885915,7.062,-1.7103373390543875,2.2086730436219053,0.8037257388064143,0.0,-0.5615917075379397,0.6741874847116189
0.017172058238030807,-0.09518112125246328,-1.7925062690541143,7.082,-2.286659131807192,2.2220349427918666,0.8037257388064143,0.0,-0.5816663745848494,0.6612885688583873
0.005298616646482124,-0.09486858770943302,-1.4363913797270067,7.102,-2.0631807691767445,2.2351039606481873,0.8005703196966234,0.0,-0.6041227285388785,0.6466583460205089
-0.006996652831724681,-0.09466998509426491,-1.0899995004919898,7.122,-1.8484677305171284,2.2478995301281017,0.7974166283044508,0.0,-0.6239819646318813,0.6338264482438916
-0.019676430902561215,-0.09456151334064955,-1.993760505779704,7.142,-2.5258670735514537,2.2604290404317915,0.7911187753752823,0.0,-0.6442123964518073,0.6174106206465388
-0.032800031990730893,-0.09466915254845745,-1.6358685279654792,7.162,-2.2285886363628222,2.272577204928673,0.7879904441646651,0.0,-0.666802008081279,0.5990846385014003
-0.04635780969280834,-0.09466915254845745,-1.2700800728123958,7.182,-1.9728406143782797,2.2843997814418557,0.7879904441646651,0.0,-0.6875688493465899,0.5843843810329808
-0.06031242232573408,-0.0948780506281458,-2.1340874091588318,7.202,-2.7516232313611457,2.2959132100520545,0.784872587315971,0.0,-0.7073479159541295,0.5640462071191974
-0.07468970760771665,-0.09517441215760108,-1.784767536471323,7.222,-2.370485874706347,2.3069459138416697,0.7817662389512444,0.0,-0.7293426811627318,0.5416482385759678
-0.08950198143764876,-0.09559336270785662,-1.4057854744549043,7.242,-2.0709091963309567,2.317597755484581,0.7786951876387073,0.0,-0.7505437608174508,0.5250664206971203
-0.1047126468916586,-0.09611420375478408,-2.179260468937522,7.2620000000000005,-2.9468979380903324,2.327896033759675,0.7756422360135093,0.0,-0.7690059974346879,0.5004246388493623
-0.12030253950345493,-0.09672199462455439,-1.8530591391997158,7.282,-2.471622104287756,2.337603595130931,0.7726059574293251,0.0,-0.7893802148403192,0.4736241985615988
-0.1363114609374092,-0.09745800222600076,-1.4705212782614847,7.302,-2.126434591350261,2.3468734370668667,0.7696230762819669,0.0,-0.8103070421288925,0.45524450419014967
-0.15270488929524806,-0.09829644049073707,-2.090265025944423,7.322,-3.0895724502043,2.3557459990145304,0.7666648203567018,0.0,-0.8263130996240988,0.4260142776984836
-0.16940551915199098,-0.09922118377053762,-1.8060656412527982,7.342,-2.511079861529178,2.363909316350176,0.7637267825527496,0.0,-0.8437342014690724,0.39460189704998827
-0.18648685944657206,-0.10028107873816475,-1.4334998336554512,7.362,-2.1203348805507614,2.37157912576048,0.7608604798772822,0.0,-0.8634206941104673,0.37464607680150597
-0.2039185230932068,-0.10144377867467799,-1.8285553184401642,7.382,-3.153829794320674,2.378811699182151,0.7580237425986427,0.0,-0.8755890493450504,0.3407384247400498
-0.22155170717660777,-0.10269182679561192,-1.6089308927017734,7.402,-2.4663571935956945,2.3852125305904686,0.7552086331470468,0.0,-0.8884680686311188,0.30472389016372503
-0.23949995835161264,-0.10408327735067135,-1.2637156760536858,7.422,-2.032933935753684,2.3910690328739115,0.7524829104199382,0.0,-0.9057090788812244,0.28359003802383254
-0.2577399102827842,-0.1055773937195231,-1.3644292976825056,7.442,-3.11350234617388,2.396456175913478,0.7497896287611562,0.0,-0.9125155995573399,0.24522617016627335
-0.27603991338255174,-0.10715509528519818,-1.233929911045578,7.462,-2.317227560382249,2.400892584877413,0.7471168400103134,0.0,-0.919139603474561,0.2049448890197555
-0.29455906521458264,-0.10888523599027963,-0.9364822269821329,7.482,-1.8478102754714647,2.40474382116437,0.744549175511727,0.0,-0.9325705728684355,0.18322947428871705
-0.3132846613924416,-0.11071667036807809,-0.6872647013120512,7.502,-2.9474255252229646,2.4081061239942922,0.742014465920414,0.0,-0.9325235074096783,0.1410414608788686
-0.33189563115500764,-0.11262825759403447,-0.6696053141002285,7.522,-2.0510659836107563,2.410412311112534,0.7394964997401232,0.0,-0.9312736563231124,0.0972392286804179
-0.35060015773547715,-0.11470084979246314,-0.4416348446247693,7.542,-1.5568024789301398,2.412108009360047,0.7370962123729099,0.0,-0.939520346340047,0.07572634456767424
-0.369400257975097,-0.1168710452556801,0.18550310496139133,7.562,-2.645903786625457,2.4133123078395045,0.7347271742071324,0.0,-0.9313916079944663,0.030800957473322454
-0.3878862111308967,-0.11911515158573927,0.0709506094749921,7.582,-1.6683745689812477,2.4133801023122565,0.7323690674491014,0.0,-0.9210160599982208,-0.015344184640670666
-0.40631571709039793,-0.12152640768713639,0.2090010918686751,7.602,-1.1648199781375614,2.4128326371341373,0.7301371638386356,0.0,-0.9228992109360424,-0.0357403588415921
-0.42470937544563636,-0.12402801458555694,1.2046660910945626,7.622,-2.216261322502711,2.4118116653020127,0.7279334183041741,0.0,-0.9059629527175302,-0.08191485333063664
-0.4425783395098444,-0.12659337239083523,0.9462652269496161,7.642,-1.1864401715117041,2.4096090987760075,0.7257340982992464,0.0,-0.8858395475994139,-0.12886790295958628
-0.46022643020374776,-0.1321399008054872,0.9781355617342131,7.662,-0.6924859704212853,2.4068101723855015,0.7216222490741757,0.0,-0.8805913500193016,-0.14720898131458104
-0.47769571686102186,-0.1321399008054872,2.2938010180476156,7.682,-1.6850134047233283,2.4035767710201377,0.7216222490741757,0.0,-0.8548029035967346,-0.192906962446598
-0.49443597873086187,-0.13500152658538594,1.8899617480572377,7.702,-0.6391056897571565,2.3991584865155975,0.7195782860090146,0.0,-0.8251114025095808,-0.2389539740833434
-0.510789928356604,-0.13802675327553088,1.8061451067924092,7.7219999999999995,-0.17488697419664279,2.394186453247144,0.7176668389452003,0.0,-0.8125429542804441,-0.2544140727626938
-0.5268223265678023,-0.14111403398405342,3.361858358194668,7.742,-1.094994219316772,2.3888377349724017,0.7157800691797023,0.0,-0.7786014952101302,-0.29791613383005566
-0.5419450554604266,-0.14423158650602758,2.8216076895497393,7.7620000000000005,-0.07189862924195589,2.382343377256154,0.7138912640939689,0.0,-0.7403473510457195,-0.3414067557990075
-0.556529434686925,-0.1475005515906685,2.620911371965683,7.782,0.3439081121603391,2.375358090453357,0.7121359120508837,0.0,-0.7209142759797231,-0.35340488198448683
-0.5706621154952005,-0.15081126145325408,4.320025917181228,7.802,-0.4977819910194834,2.3680673084965047,0.7104088312207607,0.0,-0.6801887126532808,-0.3932515577005502
-0.5837425686519202,-0.15413077744815523,3.661777301917318,7.822,0.46629349861081737,2.359707299577604,0.7086839057269,0.0,-0.6350702488635057,-0.43283602322726755
-0.5961587198383755,-0.1575832038410814,3.3515144407379327,7.842,0.8190696314788587,2.3509329194442206,0.7070945413561527,0.0,-0.6098157679094641,-0.4411249107901304
-0.6080163795189142,-0.1610551846357458,5.097357999390347,7.862,0.056196492440948376,2.3419303726895446,0.7055422319575184,0.0,-0.5641577578077032,-0.4763044226191063
-0.6187263741966946,-0.16451410317442886,4.346389395223033,7.882,0.9323181304012418,2.331962221507853,0.7040023703991203,0.0,-0.5143207167814844,-0.5110948276736725
-0.6286810046801632,-0.1680832152915065,3.941265130507836,7.902,1.2132869020153612,2.3216620039326035,0.7026025113821482,0.0,-0.4847160508606907,-0.5157805000671423
-0.6380010506515594,-0.17165017442977118,5.650733991552729,7.922,0.5266346307716213,2.3112095071464758,0.7012532901223989,0.0,-0.4362141153294909,-0.5458035464550122
-0.646128021766045,-0.17518415584326866,4.836130817743466,7.942,1.2957988985145705,2.299910297050822,0.6999319253105605,0.0,-0.38396464194420116,-0.5754219965225118
-0.6534473799324116,-0.1788040041661375,4.356211283775313,7.962,1.5025934820592373,2.288359317537301,0.6987572137306419,0.0,-0.35169471642628375,-0.5769129824818382
-0.6600898826299657,-0.18240256487115641,5.967497172992552,7.982,0.8888834582288176,2.276724121516091,0.6976498056902066,0.0,-0.3024287720972193,-0.6017731087624121
-0.6655413382308177,-0.18595195735440523,5.119222106791161,8.002,1.5424382099433283,2.2643651022593687,0.6965885518266102,0.0,-0.24997143652934833,-0.6262933827080104
-0.6701709663016429,-0.18956358238695042,4.5874983816446875,8.022,1.6784840508890875,2.251826529395588,0.6956815415460391,0.0,-0.2167195845053238,-0.6252008965392402
-0.6741143539535122,-0.19313863837542328,6.061817753763604,8.042,1.1352138201888509,2.2392597740741973,0.6948590950387087,0.0,-0.16856059397021952,-0.6452553136616883
-0.6769095532249247,-0.19665286686029848,5.208305338097311,8.062,1.673474572388735,2.2260873424809944,0.6941012277548805,0.0,-0.11780354770723532,-0.6650763848092756
-0.6789022755797101,-0.2002078803651776,4.64831261615872,8.082,1.7465471893447602,2.2127958548133115,0.693504298162763,0.0,-0.08507617456065776,-0.6620971263682316
-0.6802281392643961,-0.20371521639992426,5.967273506728977,8.102,1.2725260121441195,2.1995184526185376,0.6930072748826992,0.0,-0.03955331326804949,-0.6779160590393714
-0.6804806164005344,-0.20715445547999237,5.13369869248869,8.122,1.702373819316929,2.185743326600914,0.69259085597889,0.0,0.008005142848863733,-0.6936142615235256
-0.679976753619786,-0.21061581941639423,4.567511527372973,8.142,1.7228121362239825,2.1718967575677013,0.6923394421201872,0.0,0.03899331496793498,-0.6894243931741223
-0.6788480779465571,-0.21402212101872542,5.72824679119799,8.162,1.318004646074057,2.1580932067316976,0.6921994425641819,0.0,0.08075560969190426,-0.7016501251190954
-0.6767431592186153,-0.21735665678088614,4.93545719519995,8.182,1.6502398375450469,2.1438873623130927,0.6921519190124568,0.0,0.1240654054496647,-0.713847307624503
-0.6739470940610497,-0.22069736593316894,4.382229237602199,8.202,1.6292346936627362,2.129645628765644,0.6922696922813851,0.0,0.15244332321577314,-0.7090254020783533
-0.6705840349766321,-0.22397848397332312,5.39207900604562,8.222,1.2942622759281996,2.1154644773131963,0.6925055390638453,0.0,0.18972884309002994,-0.7182651566162543
-0.6663550979060675,-0.22718670894756288,4.656110733793186,8.242,1.5412544639811476,2.100964028213168,0.6928407950500934,0.0,0.22816843187968278,-0.7275327325182201
-0.6615116891815482,-0.23038741991661363,4.131202467435739,8.262,1.489477022181937,2.086453295516005,0.6933374696253396,0.0,0.25340782889524005,-0.7225172409629492
-0.65616817966127,-0.23352590975117307,5.003046767423306,8.282,1.2250612500463385,2.0720121263764355,0.6939539102421501,0.0,0.2858690115442188,-0.7292774500340107
-0.6500745138191588,-0.23659189274821832,4.335116228443566,8.302,1.3989684241193354,2.0573238428672305,0.6946718422826438,0.0,0.31918753531019106,-0.7360808467151805
-0.6434478733965694,-0.2396383901029393,3.8497648368666066,8.322,1.325646354515208,2.042643628374009,0.6955434231693826,0.0,0.3410645705013788,-0.7311586797787352
-0.6363912680239316,-0.2426210986153814,4.598488166879103,8.342,1.1321734837621147,2.0280363590657107,0.6965320625793323,0.0,0.3686569719362085,-0.7358166694392214
-0.6286993715316296,-0.2455323669273979,4.005346012598752,8.362,1.2437874658173977,2.013245699314819,0.6976201254024605,0.0,0.3968965565610008,-0.7404945916852281
-0.620555500171144,-0.24841339663030965,3.5667779759117533,8.382,1.1562183232429046,1.9984769307381214,0.6988509079250241,0.0,0.4154319181654447,-0.7358126596212546
-0.6120504486725302,-0.25122950282775297,4.206921910351739,8.402,1.0334954202632531,1.9837816198723424,0.7001926044087157,0.0,0.4383377068597337,-0.7386162390587795
-0.6030196540070936,-0.253975324686716,3.6914553446732032,8.422,1.0916416574638017,1.968960665264774,0.7016285229633623,0.0,0.4617504266312578,-0.7413848461390752
-0.5936135479699205,-0.25668098839461206,3.3033178207301575,8.442,0.9950657552348308,1.954173276558354,0.7031940106375617,0.0,0.47714155733930663,-0.7369753166275586
-0.5839104529778734,-0.259320606749856,3.847750743735758,8.462,0.9422640073998048,1.9394592082363555,0.704861921706984,0.0,0.49569350821278924,-0.7380596886854162
-0.5737830287281884,-0.2618908140853213,3.409726648146701,8.482,0.953626717777946,1.924673495728765,0.7066167992774679,0.0,0.514663310913388,-0.7390314602790915
-0.5633501981921363,-0.2644115086591863,3.072711897145177,8.502,0.8513564265037681,1.9099327335176888,0.7084868108172928,0.0,0.5272188966117903,-0.7348426375324228
-0.5526780111394975,-0.2668648013834368,3.532061711273258,8.522,0.8670963635004623,1.8952661125316084,0.7104494290195992,0.0,0.5418326233830851,-0.7342555312851595
-0.541673364973164,-0.26924907411288185,3.168915523433542,8.542,0.8363315923509946,1.880579887340259,0.7124906694182067,0.0,0.5568085627254269,-0.7334644105641399
-0.5304252594602445,-0.27157487602684977,2.881466534619252,8.562,0.7300361766246382,1.865950990947427,0.7146321218871753,0.0,0.5668917733631551,-0.7293912722641559
-0.5189879934037052,-0.27383156749160636,3.264062407788882,8.582,0.8125571797392102,1.851399026820804,0.71685586823229,0.0,0.5780105228241906,-0.7271196381055826
-0.5073002931328894,-0.27601907367643963,2.971656406190732,8.602,0.7425728965275009,1.836878832902899,0.7191495600393208,0.0,0.5894543382751207,-0.7245465220748654
-0.4954228860264518,-0.2781394601103099,2.7306651161054285,8.622,0.6326343711934415,1.822430098180181,0.721528645192738,0.0,0.5974381014571359,-0.7204571954386114
-0.4833990413689877,-0.2801886526766967,3.0427807159746183,8.642,0.7799873999032139,1.8080635568899304,0.7239798075980286,0.0,0.605491807989952,-0.7164515074963073
-0.47119743485680043,-0.2821679543972557,2.8160742092020974,8.662,0.6723016844151282,1.793780325691177,0.7264924232558561,0.0,0.6138405481980865,-0.7120467868949368
-0.4588521310518612,-0.28407177547673795,2.6175090498662255,8.682,0.5581808522724779,1.7795847604249104,0.7290760855725278,0.0,0.6200757177236598,-0.7078032601507778
-0.4463961891987829,-0.28590199118258447,2.863741820545865,8.702,0.7684107075821022,1.765479223698268,0.7317220623747975,0.0,0.6254537695818072,-0.7019971503580419
-0.43382680503767634,-0.2876611504748271,2.697343368103518,8.722,0.6235183241390971,1.7515091517583095,0.7344214771197046,0.0,0.6310961459500715,-0.6956984365831949
-0.42115287523985856,-0.28933678891615905,2.536770638599847,8.742,0.5040882429002128,1.7376450338913152,0.7371782346123739,0.0,0.6358916034863163,-0.6911710483723781
-0.4083980848137694,-0.29093617927896653,2.7204657977491866,8.762,0.7753572885462952,1.72388117999078,0.7399881552181982,0.0,0.6389279571168107,-0.6834962529339528
-0.39558707193003606,-0.2924630129582276,2.609046286817712,8.782,0.5930774572525047,1.7103057067581275,0.7428440837965997,0.0,0.6421926892953246,-0.6752416806016708
-0.38270490623849973,-0.29389868313395645,2.482027169751741,8.802,0.46690695718529385,1.6968563441014641,0.7457443113625398,0.0,0.6458056489428079,-0.6703181945584724
-0.36976669397325157,-0.2952553633915168,2.6056668208642484,8.822,0.7975637878408904,1.6835195356751242,0.7486891696063593,0.0,0.6467736836898055,-0.6607148069566485
-0.35682369340167597,-0.296537805979045,2.5442418388397527,8.842,0.5773389744236944,1.6704247139629587,0.7516731669113044,0.0,0.6479269049820416,-0.6504519418528225
-0.3438383205063946,-0.2977219484301126,2.446609019015393,8.862,0.44291431650066115,1.6574776872520562,0.7546889936038728,0.0,0.6505609515581701,-0.645042065524341
-0.33081781957688694,-0.2988244122640061,2.512155731485548,8.882,0.8314793353167981,1.6446571251453097,0.7577414470227138,0.0,0.6496759092904368,-0.6334656368062586
-0.31783940277270784,-0.29985094464772627,2.4962408861173166,8.902,0.5726342156691864,1.632132607485497,0.7608266256719346,0.0,0.6489255253065637,-0.6211577315139991
-0.3048438518994061,-0.300772675451498,2.4242635266379438,8.922,0.4285266691325563,1.6197786877526195,0.7639315989070923,0.0,0.6507342391077248,-0.6151946021133181
-0.29183117044335827,-0.3016102516545003,2.433429179527876,8.942,0.873618348480293,1.6075662968261462,0.7670655831053239,0.0,0.6481605657203965,-0.6016207118041682
-0.27890392535411923,-0.3030199330903133,2.4590951518564683,8.962,0.5755704435752215,1.5957040984871806,0.7733948402054107,0.0,0.6456648082819133,-0.5872507719330081
-0.2659821617506273,-0.3030199330903133,2.409553960764612,8.982,0.4205532112878845,1.5840359841444975,0.7733948402054107,0.0,0.6467587009671129,-0.5806903685168668
-0.25305916337238443,-0.3035832443767559,2.3640188656080467,9.002,0.9207437689236068,1.5725251529960929,0.7765851208729841,0.0,0.6426205533196542,-0.5651182336125693
-0.2402622305517026,-0.3040678600195875,2.4278602916362506,9.022,0.5831866992282679,1.56141827801439,0.7797960882099737,0.0,0.6384992137729907,-0.548692537660512
-0.22749149765812327,-0.3044371194551965,2.398050495070457,9.042,0.4163169275441747,1.5505292096637842,0.7830034950829375,0.0,0.638954434253625,-0.5415122741001688
-0.21473395977119125,-0.3047185121654451,2.29962215446728,9.062,0.9699500503372769,1.5398134234494787,0.78622525219327,0.0,0.6333473907665188,-0.5239677126497574
-0.2021409270513379,-0.30492043236497623,2.3986706771716237,9.082,0.593005962100588,1.5295543940234886,0.7894617989325042,0.0,0.6276937790867654,-0.5055188826774941
-0.1895934374721957,-0.30500319684474797,2.3863568394810457,9.102,0.41367798363752817,1.5195366801718642,0.7926832380169095,0.0,0.6275611097023728,-0.49771590031638857
-0.1770725553994552,-0.30499711438107385,2.237095953130569,9.122,1.018652034105436,1.5097080668419913,0.7959117414275096,0.0,0.6205640124648493,-0.4782544739779228
-0.16475269715952923,-0.30491134168766226,2.3686937941148294,9.142,0.6030083079662645,1.500387358273123,0.7991490842658673,0.0,0.6134567917481101,-0.45784493409094906
-0.1524966748666463,-0.3047037395888792,2.3720331895412885,9.162,0.4109905115886644,1.4913307997110845,0.8023597838873233,0.0,0.6127701518661659,-0.44943472787285943
-0.1402799309929197,-0.30440702341398634,2.1743435484712497,9.182,1.0645389155678608,1.4824785696862222,0.8055701923417328,0.0,0.6044559753265254,-0.42814490910820824
-0.1282988360031192,-0.30403103932172576,2.336002053394576,9.202,0.6115644870851927,1.4741829405062372,0.8087833821928764,0.0,0.5959698005693342,-0.4058703989203178
-0.1163989705130728,-0.30353175405829996,2.35345448508157,9.222,0.407023300562651,1.4661731447705861,0.811958412802976,0.0,0.594753586489638,-0.39688583991280063
-0.10455044133092084,-0.30294386320942607,2.1101459781958853,9.242,1.1055124676136936,1.4583819147066173,0.8151257029833161,0.0,0.5851986660800391,-0.37389201314419795
-0.09297011550700063,-0.3022778184782331,2.299406361929364,9.262,0.6173525546752959,1.4511926293935815,0.818289590281514,0.0,0.5754130790102284,-0.34988491984778214
-0.08148752234419288,-0.3014882522662363,2.3296431742887633,9.282,0.4008669774791599,1.4443092146066459,0.8214038773428803,0.0,0.573688049154794,-0.3403756661987111
-0.07006772391573879,-0.3006114007213638,2.043966088411449,9.302,1.1396394625601833,1.4376572172681676,0.8245028925974451,0.0,0.5629791455273113,-0.31584038515828505
-0.05894628108897493,-0.2996582260869619,2.2582792768365367,9.322,0.6192798089558796,1.431648180415161,0.8275922067246865,0.0,0.5519852462555528,-0.29027222500923083
-0.04793808724093385,-0.29742180120943223,2.300102065295825,9.342,0.3918456311770331,1.4259628956089987,0.8336262464397495,0.0,0.5497728087545708,-0.28030427379323103
-0.03700348085694394,-0.29742180120943223,1.9757480325866563,9.362,1.1651340388049416,1.420520109562677,0.8336262464397495,0.0,0.5380116384226629,-0.25442902698477404
-0.026394552950246286,-0.2961872456593924,2.212387641890113,9.382,0.6164231299796276,1.4157559651101153,0.8366157661826001,0.0,0.5259162004744234,-0.22751127630286194
-0.015913241502369502,-0.29483254769937345,2.264664259435163,9.402,0.3794438215868573,1.4113307910998376,0.8395334338647018,0.0,0.5232410938244807,-0.21716631325544306
-0.005515533691982988,-0.2933956729696734,1.9057333655457154,9.422,1.1803746484404836,1.4071570616565303,0.8424207032212102,0.0,0.5105461903782922,-0.19019014598358602
0.004532461493376161,-0.2918882803651375,2.161750703933639,9.442,0.6079944425106748,1.403691345028756,0.8452854917691719,0.0,0.49747312651148523,-0.16217275166642542
0.014439810218313198,-0.28856193651606094,2.223372648384972,9.462,0.363255545693291,1.4005766729048421,0.8508124057101122,0.0,0.494364627639863,-0.15154697319952615
0.024254438039283066,-0.28856193651606094,1.8342935285917918,9.482,1.1839576370001854,1.397719929017617,0.8508124057101122,0.0,0.4808704328656033,-0.12374226597057969
0.03369903167712973,-0.28679297285838795,2.106522361371905,9.502,0.5933314149391036,1.395593394461418,0.853528085286873,0.0,0.4669594861304698,-0.09490912162131887
0.042991463018557496,-0.28491220618170193,2.1763864249950897,9.522,0.3429539915790771,1.3938264137038132,0.8561513822456814,0.0,0.46345125218662836,-0.0841111939752367
0.0521830598496873,-0.2829575552620315,1.7618033145846093,9.542,1.174766525661704,1.3923211166588736,0.8587295401529315,0.0,0.4493047952196746,-0.055776616751103125
0.06098834335313885,-0.278818342010098,2.046910660547341,9.562,0.5719075452039307,1.3915603729214752,0.8637139730253494,0.0,0.43470789288174366,-0.026438093961010267
0.06963159661195029,-0.278818342010098,2.1239224064233495,9.582,0.3182815105515796,1.3911638021431258,0.8637139730253494,0.0,0.4308367758081302,-0.015586201542926448
0.07816697009955931,-0.27662716337229604,1.6885417239081164,9.602,1.1520496961182884,1.3910297596284327,0.8661032043491814,0.0,0.41619230333865326,0.012963065621379444
0.08630397803385126,-0.274379165015056,1.983120955892179,9.622,0.5433537521921177,1.3916463441898959,0.8684512287116439,0.0,0.40106788633173507,0.04248041204006986
0.09427080057939285,-0.27203222677444333,2.0662176813317306,9.642,0.289051666609355,1.3926276338676518,0.8706891587609593,0.0,0.3968719413886176,0.05326243547207271
0.1021237754296962,-0.26716194546219624,1.6146323156706792,9.662,1.1154780188519569,1.3938693046521724,0.8750003095842074,0.0,0.38188422636628966,0.08170636445342988
0.1095705662465436,-0.26461025780790726,1.9153248724282586,9.682,0.5074788768928542,1.3958592973001345,0.877014760487467,0.0,0.3663903341015848,0.11107195650077367
0.11684071029730436,-0.26200249686726795,2.003511813729837,9.702,0.2551568552767596,1.3982103938417803,0.8789641486308867,0.0,0.3619063938418642,0.12165909696607052
0.12399206251526085,-0.26200249686726795,1.5400187675346293,9.722,1.0651706408476058,1.400816763411874,0.8789641486308867,0.0,0.34672355273660954,0.14968522686130087
0.13073346365486316,-0.259349955319213,1.843648546618561,9.742,0.464281524060394,1.404160989044473,0.880860955906269,0.0,0.331010494949144,0.17857729728654842
0.13729334306775254,-0.25661518938301414,1.9360414497586422,9.762,0.2165756510368262,1.4078586956378727,0.8826336839525367,0.0,0.3262716546069151,0.18884801591396072
0.14373039550294564,-0.25383154176771405,1.4644656623417676,9.782,1.0016777814769626,1.4118037473701621,0.8843356317515814,0.0,0.311028289475165,0.2161633451983353
0.14975741904902584,-0.25100988317579737,1.7681695263966648,9.802,0.4139446955045307,1.4164685585062982,0.8859798684443546,0.0,0.29523170460434184,0.2442811030601511
0.15559944199591236,-0.24811554727137,1.864036945941545,9.822,0.17337262410540444,1.4214754666515415,0.8874946289487304,0.0,0.2902649961928143,0.2541216857259081
0.16131534372252876,-0.24518005997160444,1.3875823582370197,9.842,0.925920902425935,1.4267192106823945,0.8889334892654612,0.0,0.275076401544044,0.2804627797534527
0.16662431460111726,-0.24221376953899534,1.688921021138948,9.862,0.35681291419631134,1.4326577788829917,0.8903099826081533,0.0,0.25931145533192385,0.3075366192748275
0.17174594314262137,-0.23918499018261719,1.78772018668811,9.882,0.1256901792416255,1.4389236839695476,0.8915527306695517,0.0,0.2541359623903337,0.3168447542195714
0.17673868871193132,-0.2330383275955517,1.3088524285517429,9.902,0.8390953353476384,1.4454136473948855,0.8938110619145387,0.0,0.23909388905060636,0.34198512688424354
0.18133015377458328,-0.2330383275955517,1.6058911426251967,9.922,0.29335021425354957,1.45256764301132,0.8938110619145387,0.0,0.22345105904461854,0.36778392825171663
0.18573276331733446,-0.2299016104406178,1.707293717958358,9.942,0.07372852716528111,1.4600313114561914,0.8947701304627856,0.0,0.2180765649525024,0.3764711507293056
0.19000402646995873,-0.2267405546645239,1.2276672359219591,9.962,0.7425538101602372,1.4677043509022516,0.8956451477835262,0.0,0.20324675462873718,0.40022541312985305
0.1938815250558088,-0.2235641998512146,1.5190209655830134,9.982,0.2240886211198927,1.4760058600642587,0.8964502175275116,0.0,0.1877894223594191,0.4245604748858306
0.19756914654580804,-0.22034716910835922,1.622926914487691,10.002,0.01771996092405914,1.48459699137773,0.8971164709797843,0.0,0.18221563435268237,0.43255332152450277
0.20112301117621634,-0.21711472780007693,1.1433495857007459,10.022,0.6376817556803229,1.4933812694721214,0.8976957731186346,0.0,0.16763708057504775,0.45477803943719153
0.204291788411207,-0.2138751481925092,1.4281931124660987,10.042,0.14956941633718795,1.502754788935146,0.8982023479242768,0.0,0.1524008409251806,0.4775036102808621
0.20726981267243616,-0.21060626485301737,1.534733350204005,10.062,-0.042103386613676075,1.512396012899126,0.8985693090015534,0.0,0.14661709721824318,0.4847434682095267
0.21011147751855397,-0.2040571820508863,1.0551680402579557,10.082,0.5257845784589658,1.5222129807351408,0.8990504906633744,0.0,0.132302734309392,0.505335120807513
0.2125772093768763,-0.2040571820508863,1.3332165214608773,10.102,0.07028821683148134,1.532577344069452,0.8990504906633744,0.0,0.11729612590107358,0.5263459950329203
0.21485111875825602,-0.20076544382403916,1.4427466831120765,10.122,-0.10554096989546224,1.5431861124704902,0.899114437043401,0.0,0.11128146125035585,0.5327878341782121
0.21698563775203183,-0.1974767433557574,0.9623368546305595,10.142,0.4079884714074691,1.5539523623970473,0.8990882380542315,0.0,0.09721993213997629,0.5516784079227783
0.21875322058407942,-0.1941976358915145,1.2338037315084736,10.162,-0.013356615630649549,1.5652224757439983,0.898986076939591,0.0,0.082426215149705,0.5709051283746054
0.2203273957165317,-0.19091226409463244,1.3468919878337564,10.182,-0.17245562317142316,1.5767127336163176,0.8987461048984162,0.0,0.07614962477000961,0.5765153172505397
0.22175849749428345,-0.18763925029467446,0.8640068237127263,10.202,0.28517024553046555,1.5883416135772244,0.8984157589851631,0.0,0.06230765628216595,0.5936663281761233
0.2228309334618821,-0.18438421494313717,1.1295486793854779,10.222,-0.1011025457567723,1.6004299137353204,0.8980090819974926,0.0,0.047687178512395595,0.61106885847174
0.22370756119120028,-0.17790605984403113,1.2469611502726,10.242,-0.24279852719275924,1.6127134738142646,0.8968355179927499,0.0,0.04110793670871405,0.6158224030677707
0.22443657061972289,-0.17790605984403113,0.7592496777316968,10.262,0.1579114016000589,1.6251163942682076,0.8968355179927499,0.0,0.027432962281839706,0.6312180433918684
0.22481396241742502,-0.1747040310745353,1.0199056552602395,10.282,-0.1928503838109083,1.637933977810535,0.8961280665155935,0.0,0.012925753849862387,0.6467786029549851
0.22499205418886525,-0.1683633544102347,1.1425921009891324,10.302,-0.31662826874062044,1.6509215556186474,0.8943617513975048,0.0,0.005993683377253104,0.6506560754153154
0.22501692315610544,-0.1683633544102347,0.647039846778824,10.322,0.026468277388880926,1.664008951660998,0.8943617513975048,0.0,-0.007583503604622058,0.6642959335843309
0.22469557961162412,-0.16524265152763504,0.9041702048626394,10.342,-0.2886841589276189,1.6774663488245114,0.8933601085984672,0.0,-0.022055116061968576,0.6780114269418264
0.22417009965083157,-0.15909515902904214,1.0332514614884176,10.362,-0.39412557242859125,1.6910682374944193,0.8910171139377839,0.0,-0.02939947343300875,0.6809957451050825
0.22348454459816391,-0.15909515902904214,0.5262403670217032,10.382,-0.10922732548524902,1.7047501703621553,0.8910171139377839,0.0,-0.042962323053530475,0.6928877417606227
0.2224561870164914,-0.15608318414483152,0.7814706988136778,10.402,-0.38887381287390926,1.7187577654410333,0.8897306329320871,0.0,-0.05749134888046974,0.704762492474016
0.22121727776322775,-0.153108881870608,0.9182295963965339,10.422,-0.47559639615971805,1.7328841612074122,0.8883225644760993,0.0,-0.06531668631104807,0.7068358449624457
0.21981001244864107,-0.15018246068387775,0.39559950848868675,10.442,-0.2495684633159992,1.747070573029351,0.886832443041573,0.0,-0.07896060050774278,0.7169893261635478
0.21806107418567944,-0.14447598439899947,0.6507676471311857,10.462,-0.49387604436910687,1.7615386814228167,0.883598677975709,0.0,-0.09365308944471851,0.7270279495962882
0.21609337410495488,-0.14447598439899947,0.7966416736427695,10.482,-0.5614723120258192,1.7760996678508931,0.883598677975709,0.0,-0.10203731113579291,0.7281688033013093
0.21394743343142775,-0.14170239349538633,0.2537625637580265,10.502,-0.3952449434389137,1.790700299222907,0.8818464372433094,0.0,-0.1158675623701404,0.7365882008472188
0.21145844533967217,-0.13898502892643622,0.510871352308488,10.522,-0.6043162234423209,1.8055389231268766,0.8800288790603297,0.0,-0.13084046421742032,0.7447891414078749
0.20874049192474775,-0.1363246332163633,0.6674470706343669,10.542,-0.6522963311648722,1.820444143216207,0.8781034218560988,0.0,-0.139870616484066,0.7449695770124769
0.20583264333945284,-0.1337275036941924,0.09931326298820442,10.562,-0.5472217027642963,1.8353681434969715,0.8761052628010413,0.0,-0.15400003397767123,0.7516482406395594
0.20257771340542075,-0.1311928846929721,0.360480310878456,10.582,-0.7209667116061707,1.8504864231625664,0.8740463939701897,0.0,-0.16937870961715673,0.7579974531357702
0.19908144694240537,-0.12872395128417857,0.5294848571587333,10.602,-0.7487018468100664,1.865644450120012,0.8718876960712051,0.0,-0.179150600006719,0.7571806629226946
0.19538170889169226,-0.12632510542744435,-0.06914874522862102,10.622,-0.7066850128085782,1.8807996909946816,0.8696621059462277,0.0,-0.193696894259067,0.7620951068298087
0.19132811813660222,-0.1239944228735864,0.1982546798216076,10.642,-0.8446991041171291,1.8961050703943734,0.8673811007924508,0.0,-0.2096121081588453,0.7665602693673164
0.18701851238403666,-0.12173745596495825,0.3815418009043945,10.662,-0.8513691435018085,1.9114225019215496,0.8650090995587318,0.0,-0.22022938939293876,0.7646984579923228
0.18248981327389924,-0.11955673845289358,-0.25286697818573856,10.682,-0.8749852860577718,1.9267146193204496,0.8625766873884374,0.0,-0.2353113687936818,0.7678024839335236
0.17759778114078895,-0.11542259111619996,0.02293874207442581,10.702,-0.9764194239469521,1.9421117344027827,0.8575314287704688,0.0,-0.2518948941689452,0.7703270999530654
0.17243266729468676,-0.11542259111619996,0.22246101743519153,10.722,-0.9609611162189838,1.9574920119556118,0.8575314287704688,0.0,-0.26346709983011657,0.7673596521410779
0.16703072058186397,-0.11347774012055029,-0.45270643193002624,10.742,-1.0535321951499959,1.9728231777017449,0.8549147567239244,0.0,-0.2791992545389116,0.7685784733205782
0.16125342788325359,-0.11161025630592794,-0.16644370899747885,10.762,-1.116958338714846,1.988212473344781,0.852255032419193,0.0,-0.2965774676999653,0.7690761520507764
0.1551836114642393,-0.1098303853692244,0.05131620552570104,10.782,-1.078017651223874,2.0035544384862387,0.8495241684400546,0.0,-0.30921645839987155,0.7649283711009991
0.1488571197511872,-0.10813694972420404,-0.6688081256975704,10.802,-1.2436467099723703,2.01882187662817,0.8467475831005092,0.0,-0.3257008404428983,0.7641524448774716
0.14214112951750746,-0.10652436489406195,-0.3702893078728273,10.822,-1.2669089282295796,2.0340979571286315,0.843934847342091,0.0,-0.34398503070813446,0.7625010596645201
0.1351109615787296,-0.10500525803635155,-0.1323228422373386,10.842,-1.202797502072345,2.0492941492547416,0.8410619863917181,0.0,-0.3577989534730973,0.7570836236242606
0.12780232937620806,-0.10357657015189392,-0.900080589260851,10.862,-1.4463322950650999,2.0643884049355705,0.838151454368874,0.0,-0.3751131589325627,0.7541622679448586
0.12008861434506546,-0.1022314564444596,-0.5879714450263327,10.882,-1.426382800187952,2.079438127347842,0.8352120269092418,0.0,-0.39438515215013925,0.750198218390204
0.11203725046688096,-0.10098500565412077,-0.3279970924513307,10.902,-1.3350433536953812,2.094372839523775,0.8322242432424608,0.0,-0.4094687999554045,0.7434078128938775
0.10368406178447653,-0.09876499677723527,-1.1434821985689445,10.922,-1.6619302370218112,2.1091758266317946,0.826168743186116,0.0,-0.42764864738624864,0.7381430535932857
0.0949099282243866,-0.09876499677723527,-0.8172097833459329,10.942,-1.594655617977022,2.1238761731934233,0.826168743186116,0.0,-0.44794009109495453,0.7316562378893607
0.08577359504713744,-0.09693325126701033,-0.5337982193200868,10.962,-1.473645341393436,2.138423315944486,0.8199996782135441,0.0,-0.4643602765793742,0.7233780839330803
0.07631120396157431,-0.09693325126701033,-1.3930500858225174,10.982,-1.8896352287901936,2.1528062071259875,0.8199996782135441,0.0,-0.4833754490645263,0.715519330713971
0.06641350059533391,-0.09615232802142981,-1.0532142225419387,11.002,-1.7696800610305468,2.1670220127011035,0.8168910498223432,0.0,-0.5046387706806043,0.706249559251624
0.05612919475066658,-0.0954787531000233,-0.7456077770138889,11.022,-1.6161836020532778,2.1810428780390563,0.8137601104309501,0.0,-0.5224130537768563,0.696362696537896
0.04631039986526897,-0.09490331592012036,7.859531962958102,11.042,-10.0,2.1937064945798017,0.8106173535981528,0.0,-0.3824042461549726,0.4573943925287516
0.041211011754120896,-0.09447286353240295,3.962830931287772,11.062,-4.695018506715,2.1986661150467484,0.8077251202919002,0.0,-0.16999271315592746,0.10800479655234976
0.03880380292768759,-0.09494932292691038,2.48628304053724,11.082,-1.9454677237624094,2.199198264218275,0.8061626423833141,0.0,-0.08784522387318919,-0.02639099815458147
0.03742148069824136,-0.09494932292691038,1.97749211511524,11.102,-0.8253839838760593,2.198077631974604,0.8061626423833141,0.0,-0.056939327756583544,-0.07471624097228645
0.03642102370143174,-0.09545449312195389,1.8387137323199199,11.122,-0.3551175585149524,2.196397891860098,0.8062043024428794,0.0,-0.04554218386232017,-0.08918486786926377
0.03556185791317912,-0.09599154498212539,1.834776930649491,11.142,-0.1473555379737288,2.194588177938364,0.8063673824185611,0.0,-0.041233020656715524,-0.0904263632154366
0.034760219307501394,-0.0965259354452388,1.8737215790503794,11.162,-0.04867449080855901,2.19281498992439,0.8065626019784748,0.0,-0.03920852331366464,-0.08659751953432296
0.03399232755142645,-0.09704211176828978,1.9201571545556066,11.182,0.0019909335514207704,2.1911409172058605,0.8067564105274492,0.0,-0.03766469587403478,-0.08092887057601411
0.03325632601563999,-0.09753250709777678,1.9610306520018854,11.202,0.02923555637249442,2.189587335627703,0.8069370978482847,0.0,-0.03597315017459334,-0.07470469944355129
0.032557426690426716,-0.09799312892153708,1.9920948474063276,11.222,0.043249076930125474,2.1881591852560582,0.80710142720397,0.0,-0.03396110613707502,-0.06843970194126434
0.03190221359923395,-0.09842177041815997,2.012554180544634,11.242,0.04852421160456699,2.186854777146211,0.8072493700021933,0.0,-0.03162737434215994,-0.062343483849948256
0.031296555851098695,-0.09881726285627254,2.022942152073651,11.262,0.04729027454028323,2.185669691156569,0.8073820373776365,0.0,-0.029030582339702835,-0.0565038528628829
0.03074493792117483,-0.09917914119190979,2.024276567772606,11.282,0.04086454468902956,2.1845983425866997,0.807500873066491,0.0,-0.026245466614803238,-0.05095911037186874
0.03025034062270837,-0.09950747427199502,2.0177208816753964,11.302,0.03018220387037529,2.1836346295197835,0.8076073438306399,0.0,-0.023346074443783123,-0.045726558082836384
0.02981433007926615,-0.0998027615162998,2.0044467077486714,11.322,0.01600271749235238,2.182772217496831,0.8077028260725401,0.0,-0.02039961236820261,-0.040813757242918094
0.02943721906321617,-0.1000658575557827,1.9855769437911268,11.342,-0.0010107932397581676,2.1820046805407394,0.8077885696890006,0.0,-0.017464510324237785,-0.03622301317919406
0.029118246991008512,-0.10029790986354511,1.9621617712632125,11.362,-0.02026164585054857,2.1813255843689685,0.8078656921641818,0.0,-0.014590154540831773,-0.03195321376705974
0.028855757353135836,-0.100500303680431,1.935168557260605,11.382,-0.04120861454858449,2.1807285451768514,0.8079351842862814,0.0,-0.011817277108162699,-0.028000645723186206
0.02864736430375192,-0.10067461214188991,1.9054780482450324,11.402,-0.06336188630222817,2.180207276780962,0.8079979200752286,0.0,-0.009178597049236032,-0.024359424201781107
0.028490105349068706,-0.10082255088004266,1.8738837380527238,11.422,-0.08628129490628478,2.179755630888529,0.8080546679382039,0.0,-0.006699548190461887,-0.021021781555343733
0.028380579218988622,-0.10094593686290973,1.8410930730401223,11.442,-0.10957506150452234,2.17936763218491,0.8081061018299247,0.0,-0.004399024827363505,-0.017978307938169947
0.028315068925491182,-0.10104665137975966,1.8077298669671402,11.462,-0.13289840624180582,2.1790375087989027,0.8081528119030492,0.0,-0.002290114672555614,-0.015218176570051953
0.028289650432442137,-0.10112660710043114,1.7743375855833234,11.482,-0.1559518396872705,2.1787597183279033,0.8081953144275863,0.0,-0.00038080442701217887,-0.012729363420689423
0.02830028757370151,-0.10118771911135968,1.7413832817424668,11.502,-0.17847911315542728,2.178528969513998,0.8082340608873048,0.0,0.001325349819724525,-0.01049886250435662
0.028342913974296557,-0.10123187979454518,1.7092620171108364,11.522,-0.20026486949884678,2.1783402396744425,0.8082694462239473,0.0,0.0028285918886902612,-0.008512895073668945
0.028413502799698342,-0.10126093738028663,1.6783016358828438,11.542,-0.22113205577688558,2.1781887880336175,0.8083018162348901,0.0,0.004132377246976004,-0.006757110294876302
0.02850812520011381,-0.10127667797461531,1.648767774950025,11.562,-0.24093916226002357,2.178070165151599,0.8083314741517519,0.0,0.0052428287577112095,-0.005216775099927846
0.028622998338920347,-0.1012808108390679,1.6208690097473446,11.582,-0.25957734882551126,2.1779802186865798,0.8083586864421486,0.0,0.006168237166296858,-0.003876951304859747
0.028754523901359796,-0.10127495668380296,1.5947620478601783,11.602,-0.27696751401039926,2.1779150957618114,0.808383687886778,0.0,0.0069186063572138565,-0.0027226585477874155
0.02889931797414036,-0.1012606387244688,1.5705568942380495,11.622,-0.29305735545290046,2.177871242231813,0.808406685990377,0.0,0.007505242842850039,-0.001739022051220433
0.02905423317058098,-0.10123927624804946,1.5483219228537117,11.642,-0.30781846387384404,2.1778453991581834,0.8084278647885297,0.0,0.007940388465473205,-0.0009114046250565111
0.029216373851292943,-0.10121218043239033,1.5280887999246073,11.662,-0.32124348640944655,2.1778345968130424,0.8084473881132859,0.0,0.008236894891323433,-0.0002255226861350712
0.029383105258316,-0.10118055216755312,1.509857213380878,11.682,-0.33334338910143396,2.1778361465294047,0.8084654023796092,0.0,0.008407938147019001,0.00033245362001316746
0.029552057342833393,-0.10114548163389184,1.4935993721232899,11.702,-0.34414484280213087,2.1778476307131918,0.8084820389521346,0.0,0.008466771184561826,0.0007758158505235188
0.029721124024022494,-0.10110794940117876,1.4792642467318569,11.722,-0.3536877516048173,2.1778668913223775,0.8084974161481007,0.0,0.008426512258326637,0.0011172476911840683
0.029888458570675347,-0.10106882882468662,1.4667815306706509,11.742,-0.3620229382725935,2.1778920171057834,0.8085116409278837,0.0,0.00829996674932457,0.0013687696472121404
0.030052465748798163,-0.1010288895273046,1.4560653076757815,11.762,-0.3692099969065201,2.1779213298779414,0.8085248103196851,0.0,0.008099479973641754,0.0015416971356883493
0.03021179132847429,-0.10098880177114244,1.4470174169371695,11.782,-0.37531531935158213,2.177953370088069,0.8085370126198343,0.0,0.007836818457904128,0.0016466110177189557
0.030365309492778714,-0.10094914153722861,1.4395305129019014,11.802,-0.38041029852131636,2.177986881921253,0.8085483284051113,0.0,0.007523077149796263,0.0016933395398960249
0.030512108640963653,-0.10091039614745803,1.4334908210612722,11.822,-0.38456970892088127,2.1780207981488022,0.8085588313886045,0.0,0.007168610051257128,0.0016909506127986227
0.030651476028435987,-0.10087297027867434,1.4287805949822685,11.842,-0.38787026216495246,2.1780542249230734,0.808568589146037,0.0,0.006782981810461417,0.001647753336347143
0.030782881637437143,-0.1008371922343392,1.4252802831246145,11.862,-0.3903893331673467,2.178086426690273,0.8085776637353109,0.0,0.006374937882834787,0.0015713076830360748
0.030905961625547818,-0.10080332035450212,1.4228704166988324,11.882,-0.392203850933583,2.1781168113730978,0.8085861122282416,0.0,0.005952390965207274,0.0014684412692408891
0.031020501654331234,-0.10077154945952718,1.4214332320136038,11.902,-0.39338934645304974,2.178144915954025,0.8085939871701626,0.0,0.0055224215184947875,0.0013452721771397462
0.031126420358039475,-0.10071481049572362,1.4208540424574458,11.922,-0.39401914907146457,2.178170392569747,0.8086082063026443,0.0,0.0050912903177936205,0.0012072368345330629
0.03122375317246817,-0.10071481049572362,1.4210223765273584,11.942,-0.3941637218739893,2.1781929952079757,0.8086082063026443,0.0,0.0046644611024908925,0.0010591220128361428
0.03131263670693052,-0.10068997121924728,1.4218328991881541,11.962,-0.39389012602021695,2.1782125670796137,0.8086146363176476,0.0,0.004246631538744021,0.0009051000642010506
0.03139329380812672,-0.10066750237099567,1.423186134352517,11.982,-0.39326160358495016,2.1782290287224324,0.8086206650181234,0.0,0.0038417708506513944,0.0007487665838747191
0.0314660194332923,-0.10064737340380328,1.4249890064846298,12.002,-0.39233726829213605,2.1782423668768196,0.8086263274579786,0.0,0.003453162621691126,0.0005931797525977642
0.03153116742157991,-0.10062952544442774,1.427155219257893,12.022,-0.39117189351602105,2.178252624159988,0.8086316559760425,0.0,0.0030834514126468378,0.00044090068419464293
0.03158913822704612,-0.10061387612847397,1.4296054889000478,12.042,-0.3898157870632606,2.178259889552301,0.8086366803990426,0.0,0.0027346919845719795,0.00029403417427281307
0.03164036765385703,-0.10060032407023281,1.432267649364242,12.062,-0.3883147425183057,2.1782642896979993,0.8086414282263681,0.0,0.002408400053442123,0.0001542693161800503
0.03168531661425433,-0.10058875295882513,1.4350766458071194,12.082,-0.38671005729622576,2.178265981012693,0.8086459247988503,0.0,0.0021056036364360004,2.2919518708175955e-05
0.03172446191236489,-0.10057903527820589,1.437974432065781,12.102,-0.38503860800955886,2.1782651425813384,0.8086501934533952,0.0,0.0018268941764132188,-9.903847384033467e-05
0.03175828804194847,-0.10057103565393002,1.4409097869373448,12.122,-0.38333297425840096,2.178261969823108,0.8086542556650194,0.0,0.0015724767510921925,-0.00021092689572320346
0.03178727997349018,-0.1005596273160265,1.4438380630981005,12.142,-0.3816216025396386,2.178256668893493,0.8086618381246069,0.0,0.0013422187854601217,-0.00031233088496314984
0.03181191689553042,-0.1005596273160265,1.4467208814798787,12.162,-0.3799290025570919,2.178249451788968,0.8086618381246069,0.0,0.0011356967900683964,-0.00040306424131542106
0.031832666866574044,-0.1005559336322841,1.449525782872788,12.182,-0.3782759688507085,2.178240532115714,0.8086653931404921,0.0,0.0009522407437180802,-0.00048313718741323545
0.031849982327259774,-0.10055339231436752,1.4522258474629193,12.202,-0.37667982128971744,2.178230121480947,0.8086688114642301,0.0,0.0007909758261468499,-0.0005527262564206557
0.03186429641739075,-0.10055186655158485,1.4547992919497292,12.222,-0.37515465861592634,2.1782184264634346,0.8086721070352496,0.0,0.0006508612855996019,-0.0006121463874111898
0.031876020038899,-0.10055122456626187,1.4572290528495895,12.242,-0.3737116198419325,2.178205646118503,0.8086752925828411,0.0,0.000530726296443964,-0.000661825271316193
0.03188553960358842,-0.10055134072628744,1.4595023635791071,12.262,-0.3723591489255746,2.178191969972371,0.8086783797095928,0.0,0.0004293027249337312,-0.0007022799570218386
0.03189321540344192,-0.10055209641686216,1.4616103319345901,12.282,-0.371103258727513,2.178177576460822,0.8086813789694686,0.0,0.0003452547757775103,-0.0007340956975630572
0.03189938054125818,-0.10055338069343914,1.4635475236573845,12.302,-0.3699477908151918,2.178162631767762,0.8086842999410462,0.0,0.00027720553972536205,-0.0007579069912445859
0.03190434036019241,-0.10055509073774233,1.4653115568969117,12.322,-0.3688946682118547,2.1781472890205364,0.8086871512963962,0.0,0.0002237605026952946,-0.0007743807510300799
0.03190837231240096,-0.1005571321382942,1.4669027115698436,12.342,-0.3679441386859556,2.1781316878001977,0.8086899408659876,0.0,0.0001835281108608941,-0.0007842015179513015
0.03191172620912219,-0.10055941901628881,1.4683235568447608,12.362,-0.3670950066242278,2.178115953926925,0.8086926756999844,0.0,0.00015513751388467642,-0.0007880586199520925
0.03191462479726237,-0.10056187401679048,1.469578599294486,12.382,-0.3663448519721614,2.1781001994828078,0.808695362126215,0.0,0.00013725363040075845,-0.0007866351662721917
0.03191726461057698,-0.10056442818426745,1.4706739536178883,12.402,-0.36569023509178666,2.178084523036489,0.8086980058050621,0.0,0.00012858969719447113,-0.0007805987595891663
0.03191981704694946,-0.10056702074038601,1.4716170372647415,12.422,-0.3651268867531171,2.1780690100366282,0.8087006117814799,0.0,0.00012791747550572265,-0.0007705938020222802
0.03192242962679437,-0.10056959878078367,1.4724162897828819,12.442,-0.36464988276112364,2.1780537333436385,0.8087031845342938,0.0,0.000134075296484063,-0.0007572352682756762
0.031925227391327304,-0.1005745368029684,1.473080917263017,12.462,-0.3642538030209339,2.1780387538716646,0.8087082457316033,0.0,0.0001459741320838509,-0.0007411038175601289
0.03192831440317967,-0.10057682678340854,1.4736206618574257,12.482,-0.36393287505809596,2.178024121315417,0.808710740711271,0.0,0.000162601879148923,-0.0007227421166809559
0.03193177531558167,-0.10057682678340854,1.4740455960155385,12.502,-0.3636811022316977,2.1780098749389225,0.808710740711271,0.0,0.00018302604305254393,-0.0007026522488991956
0.03193567698002919,-0.10057896130170654,1.4743659407934304,12.522,-0.3634923770425668,2.1779960444058,0.8087132156190392,0.0,0.0002063950032998162,-0.0006812940864003189
0.031940070065942905,-0.10058092045169756,1.4745919073541456,12.542,-0.363360580089169,2.1779826506329805,0.808715672755455,0.0,0.0002319380378451889,-0.0006590845089926411
0.0319449906692828,-0.10058268945807039,1.4747335605879832,12.562,-0.3632796653366407,2.1779697066521972,0.8087181140995102,0.0,0.00025896427527877285,-0.0006363973568298945
0.03195046189037143,-0.10058425816815633,1.474800703627111,12.582,-0.3632437324550371,2.1779572184656253,0.8087205413414631,0.0,0.00028686073560197376,-0.0006135640115148757
0.03195649536431411,-0.10058562055126793,1.47480278191859,12.602,-0.36324708705744574,2.177945185884205,0.8087229559135208,0.0,0.0003150896102121815,-0.0005908745060544084
0.03196309273026632,-0.10058677421135626,1.4747488054380509,12.622,-0.363284289708525,2.1779336033390244,0.8087253590184185,0.0,0.00034318492176022594,-0.0005685790718354853
